SNP,MAF
chr1_88156923_G_A_PRS313_Known_combined,0.08446485623003194
chr1_88177403_G_A_combined,0.3294728434504792
chr1_88127152_T_C_combined,0.2250399361022364
chr1_88208135_G_A_combined,0.2645766773162939
chr1_88109828_G_A_combined,0.6439696485623003
chr1_88086894_C_A_combined,0.4131389776357827
chr1_88091734_C_T_combined,0.6577476038338658
chr1_88116467_A_C_combined,0.3061102236421725
chr1_88073752_G_T_combined,0.06110223642172524
chr1_88120134_T_C_combined,0.8450479233226837
chr1_88234517_C_T_combined,0.7422124600638977
chr1_88180022_C_A_combined,0.3372603833865815
chr1_88220548_T_C_combined,0.06569488817891374
chr1_88208213_A_G_combined,0.009784345047923323
chr1_88217862_T_C_combined,0.1178115015974441
chr1_88190037_C_T_combined,0.3376597444089457
chr1_88236809_C_T_combined,0.16293929712460065
chr1_88231787_C_T_combined,0.16713258785942492
chr1_88132380_G_T_combined,0.24500798722044728
chr1_88102690_A_G_combined,0.03973642172523962
chr1_88112646_T_G_combined,0.4810303514376997
chr1_88115934_T_C_combined,0.11381789137380191
chr1_88129160_T_C_combined,0.11980830670926518
chr1_88103212_A_G_combined,0.21465654952076677
chr1_120257110_T_C_PRS313_Known_combined,0.6517571884984026
chr1_120273909_T_C_combined,0.048722044728434506
chr1_120051446_G_A_combined,0.6283945686900958
chr1_120274130_T_C_combined,0.1343849840255591
chr1_120309441_C_A_combined,0.31609424920127793
chr1_120241771_C_T_combined,0.7490015974440895
chr1_120154662_A_G_combined,0.36960862619808305
chr1_120177454_G_T_combined,0.5852635782747604
chr1_120200843_T_C_combined,0.6361821086261981
chr1_119860022_A_G_combined,0.4514776357827476
chr1_120272120_C_A_combined,0.04233226837060703
chr1_120311041_G_A_combined,0.4464856230031949
chr1_119901608_C_T_combined,0.0832667731629393
chr1_120209755_T_C_combined,0.23442492012779553
chr1_120686091_A_G_combined,0.1361821086261981
chr1_120182906_G_A_combined,0.7096645367412141
chr1_120257576_A_G_combined,0.7414137380191693
chr1_120098815_A_G_combined,0.4075479233226837
chr1_120136721_G_T_combined,0.07108626198083066
chr1_120227327_T_C_combined,0.006190095846645367
chr1_120263018_T_C_combined,0.2965255591054313
chr1_119516327_C_T_combined,0.23761980830670926
chr1_120230079_G_A_combined,0.32028753993610226
chr1_119650928_A_C_combined,0.4367012779552716
chr1_120138931_G_A_combined,0.3152955271565495
chr1_120282232_T_C_combined,0.11501597444089456
chr1_120262112_G_A_combined,0.05830670926517572
chr1_120195042_A_G_combined,0.7901357827476039
chr1_119601381_G_A_combined,0.15934504792332269
chr1_120264823_C_G_combined,0.05391373801916933
chr1_120255126_A_G_combined,0.7899361022364217
chr1_120292733_G_A_combined,0.4716453674121406
chr1_120137445_A_G_combined,0.06749201277955272
chr1_120267220_C_T_combined,0.041733226837060704
chr1_119914643_A_G_combined,0.09365015974440895
chr1_120366712_A_G_combined,0.7777555910543131
chr1_120134599_T_G_combined,0.008586261980830671
chr1_120322961_G_A_combined,0.19628594249201278
chr1_120463230_C_T_combined,0.39916134185303515
chr1_120233112_C_T_combined,0.020766773162939296
chr1_120023971_C_T_combined,0.8572284345047924
chr1_120428635_A_G_combined,0.8839856230031949
chr1_120110175_C_A_combined,0.3424520766773163
chr1_114445880_G_A_PRS313_Unknown_combined,0.24121405750798722
chr1_114423653_C_T_combined,0.40115814696485624
chr1_114541955_A_C_combined,0.3188897763578275
chr1_114389635_G_T_combined,0.7030750798722045
chr1_113565501_C_T_combined,0.032348242811501594
chr1_114831965_G_T_combined,0.07567891373801917
chr1_114948281_A_G_combined,0.8564297124600639
chr1_113460917_T_G_combined,0.24720447284345048
chr1_115061584_A_G_combined,0.32927316293929715
chr1_114973429_T_C_combined,0.29572683706070285
chr1_114105855_G_A_combined,0.6723242811501597
chr1_114655222_A_G_combined,0.7170527156549521
chr1_114703058_C_T_combined,0.14017571884984026
chr1_114602971_T_G_combined,0.1132188498402556
chr1_114810991_T_C_combined,0.10962460063897764
chr1_114647787_C_T_combined,0.5039936102236422
chr1_114642562_A_G_combined,0.19408945686900958
chr1_114619822_C_A_combined,0.06010383386581469
chr1_113944194_T_G_combined,0.16733226837060702
chr1_114860223_T_C_combined,0.031150159744408944
chr1_114217527_T_C_combined,0.21605431309904152
chr1_114535293_C_T_combined,0.1853035143769968
chr1_114659681_G_A_combined,0.13099041533546327
chr1_114866082_G_A_combined,0.07887380191693291
chr1_115003403_T_C_combined,0.10902555910543131
chr1_113865048_T_C_combined,0.4245207667731629
chr1_114287902_G_A_combined,0.6789137380191693
chr1_114634485_T_C_combined,0.37440095846645366
chr1_113828836_A_G_combined,0.19768370607028754
chr1_114438951_A_G_combined,0.3769968051118211
chr1_114687316_A_G_combined,0.7222444089456869
chr1_113712989_A_C_combined,0.024361022364217253
chr1_113730725_A_C_combined,0.07268370607028754
chr1_113833382_C_T_combined,0.13757987220447285
chr1_113447840_G_A_combined,0.011381789137380192
chr1_114684419_G_A_combined,0.24900159744408945
chr1_114629215_C_T_combined,0.16114217252396165
chr1_115069025_T_C_combined,0.014776357827476038
chr1_114665586_A_G_combined,0.7108626198083067
chr1_115174843_C_T_combined,0.8262779552715654
chr1_114626905_A_G_combined,0.38698083067092653
chr1_113925870_G_A_combined,0.14257188498402557
chr1_115040932_C_T_combined,0.6279952076677316
chr1_113791338_G_A_combined,0.571685303514377
chr1_114457769_C_A_combined,0.49400958466453676
chr1_114858212_T_C_combined,0.09524760383386581
chr1_113818120_G_A_combined,0.6735223642172524
chr1_114217705_G_A_combined,0.46605431309904155
chr1_114273724_A_G_combined,0.003594249201277955
chr1_114973690_T_C_combined,0.16313897763578275
chr1_114459223_A_C_combined,0.003993610223642172
chr1_114999277_G_A_combined,0.29532747603833864
chr1_113793455_T_C_combined,0.5135782747603834
chr1_115176726_T_C_combined,0.015175718849840255
chr1_114554672_T_C_combined,0.358426517571885
chr1_114303808_C_A_combined,0.025758785942492014
chr1_115355963_G_A_combined,0.6074281150159745
chr1_114894805_A_C_combined,0.5355431309904153
chr1_113694882_G_A_combined,0.057907348242811504
chr1_114429461_G_A_combined,0.24660543130990414
chr1_114675629_A_G_combined,0.4712460063897764
chr1_113830085_C_T_combined,0.3753993610223642
chr1_114436970_T_C_combined,0.3678115015974441
chr1_114449829_T_A_combined,0.25758785942492013
chr1_114900678_C_T_combined,0.29293130990415334
chr1_113454571_A_G_combined,0.24700479233226838
chr1_114750905_A_G_combined,0.6978833865814696
chr1_114272364_G_A_combined,0.02915335463258786
chr1_114173410_A_G_combined,0.9598642172523961
chr1_115039119_T_C_combined,0.295926517571885
chr1_114312623_T_C_combined,0.7056709265175719
chr1_113865778_G_A_combined,0.18091054313099042
chr1_114523465_A_G_combined,0.2759584664536741
chr1_113449627_A_G_combined,0.4045527156549521
chr1_114671204_C_T_combined,0.36920926517571884
chr1_114334222_T_C_combined,0.4884185303514377
chr1_114080071_C_T_combined,0.3388578274760383
chr1_113767158_C_T_combined,0.21805111821086262
chr1_114651667_T_C_combined,0.1896964856230032
chr1_113753809_G_A_combined,0.3746006389776358
chr1_113863848_C_T_combined,0.13178913738019168
chr1_114941326_C_T_combined,0.5998402555910544
chr1_113898769_C_T_combined,0.5097843450479234
chr1_113756192_T_C_combined,0.610223642172524
chr1_115300685_C_T_combined,0.18210862619808307
chr1_114074096_A_G_combined,0.033346645367412144
chr1_114832044_A_G_combined,0.08965654952076678
chr1_113839149_C_T_combined,0.13558306709265175
chr1_113743767_A_G_combined,0.8430511182108626
chr1_114715584_G_A_combined,0.06110223642172524
chr1_114085723_T_C_combined,0.549720447284345
chr1_113510756_A_G_combined,0.02456070287539936
chr1_113784170_G_A_combined,0.4378993610223642
chr1_114638577_T_C_combined,0.6906948881789138
chr1_114909210_C_A_combined,0.1964856230031949
chr1_88428199_C_A_PRS313_Unknown_combined,0.19768370607028754
chr1_88430037_T_C_combined,0.5429313099041534
chr1_88417463_C_T_combined,0.09285143769968052
chr1_88402784_C_T_combined,0.04572683706070287
chr1_88420509_C_A_combined,0.06409744408945688
chr1_88411099_T_C_combined,0.19428913738019168
chr1_88444915_G_A_combined,0.6222044728434505
chr1_88445213_T_C_combined,0.4367012779552716
chr1_88423397_C_T_combined,0.612220447284345
chr1_88292883_G_A_combined,0.03574281150159744
chr1_88455507_A_G_combined,0.009984025559105431
chr1_88416576_G_A_combined,0.12280351437699681
chr1_88419042_T_C_combined,0.08586261980830671
chr1_88442131_A_G_combined,0.14396964856230032
chr1_88448150_C_T_combined,0.30051916932907347
chr1_202184600_C_T_PRS313_Unknown_combined,0.2945287539936102
chr1_202191805_C_T_combined,0.0059904153354632585
chr1_202957351_A_G_combined,0.5021964856230032
chr1_202193394_C_T_combined,0.04812300319488818
chr1_202151566_A_G_combined,0.7162539936102237
chr1_202188616_G_T_combined,0.770167731629393
chr1_202279709_A_G_combined,0.6142172523961661
chr1_202132777_G_T_combined,0.20087859424920126
chr1_202172594_C_T_combined,0.19728434504792333
chr1_202193434_G_A_combined,0.8550319488817891
chr1_202301573_C_A_combined,0.008586261980830671
chr1_202202522_G_A_combined,0.22803514376996806
chr1_202184463_T_G_combined,0.09005591054313099
chr1_202179303_C_T_combined,0.20726837060702874
chr1_202281006_G_T_combined,0.09684504792332269
chr1_202204357_C_A_combined,0.08047124600638977
chr1_202202490_G_A_combined,0.30251597444089456
chr1_202364700_C_T_combined,0.011381789137380192
chr1_202225364_T_C_combined,0.5359424920127795
chr1_202129531_T_C_combined,0.13498402555910544
chr1_202187176_G_A_combined,0.319888178913738
chr1_202190742_C_T_combined,0.46126198083067094
chr1_202500398_A_G_combined,0.008186900958466454
chr1_202471376_T_C_combined,0.07208466453674121
chr1_202317294_G_A_combined,0.011381789137380192
chr1_202564221_G_A_combined,0.35942492012779553
chr1_202190546_G_A_combined,0.26317891373801916
chr1_202130754_T_C_combined,0.7955271565495208
chr1_202202238_C_T_combined,0.0696884984025559
chr1_202087936_C_A_combined,0.5487220447284346
chr1_202125363_G_T_combined,0.685702875399361
chr1_202203337_T_C_combined,0.6647364217252396
chr1_202564040_C_A_combined,0.2641773162939297
chr1_121280613_A_G_PRS313_Known_combined,0.17931309904153356
chr1_120437718_G_A_combined,0.3306709265175719
chr1_120934063_T_C_combined,0.8268769968051118
chr1_121349358_A_G_combined,0.1363817891373802
chr1_120335353_C_T_combined,0.7759584664536742
chr1_120293352_T_C_combined,0.10822683706070288
chr1_121164607_G_A_combined,0.6679313099041534
chr1_120934573_C_T_combined,0.14217252396166133
chr1_121221334_C_A_combined,0.8668130990415336
chr1_120531321_G_A_combined,0.006589456869009584
chr1_121347299_A_C_combined,0.007787539936102236
chr1_121184898_C_T_combined,0.4564696485623003
chr1_120380990_C_T_combined,0.6248003194888179
chr1_120662260_G_A_combined,0.055311501597444086
chr1_120409703_C_A_combined,0.5391373801916933
chr1_120307560_C_A_combined,0.8426517571884984
chr1_121230790_G_A_combined,0.2292332268370607
chr1_120524331_G_A_combined,0.007787539936102236
chr1_121331935_A_C_combined,0.004592651757188498
chr1_120299060_C_T_combined,0.013178913738019169
chr1_121294297_G_A_combined,0.8606230031948882
chr1_120875962_C_T_combined,0.07188498402555911
chr1_120430326_A_G_combined,0.00878594249201278
chr1_120305514_C_T_combined,0.01597444089456869
chr1_118141492_A_C_PRS313_Unknown_combined,0.3486421725239617
chr1_118377788_C_T_combined,0.13957667731629392
chr1_118351638_G_A_combined,0.5173722044728435
chr1_118524370_G_A_combined,0.11741214057507987
chr1_118128226_C_A_combined,0.11741214057507987
chr1_118201142_G_A_combined,0.02196485623003195
chr1_118186724_G_A_combined,0.05770766773162939
chr1_118161020_T_G_combined,0.16892971246006389
chr1_118133639_C_T_combined,0.8917731629392971
chr1_118155152_A_G_combined,0.2763578274760383
chr1_118530065_T_C_combined,0.13478434504792333
chr1_118133002_T_C_combined,0.7693690095846646
chr1_118131205_T_C_combined,0.05670926517571885
chr1_118251088_G_T_combined,0.010583067092651758
chr1_118134278_A_G_combined,0.5051916932907349
chr1_118136912_G_A_combined,0.08266773162939298
chr1_118421109_C_T_combined,0.23043130990415336
chr1_118163457_T_C_combined,0.1271964856230032
chr1_118230466_T_C_combined,0.10603035143769968
chr1_118565953_G_A_combined,0.2873402555910543
chr1_118277894_G_A_combined,0.0694888178913738
chr1_118124253_C_A_combined,0.07448083067092652
chr1_118178100_A_C_combined,0.3610223642172524
chr1_118139031_G_A_combined,0.10982428115015974
chr1_118644524_T_A_combined,0.11581469648562301
chr1_118784878_C_T_combined,0.14217252396166133
chr1_118283890_G_A_combined,0.13178913738019168
chr1_118199864_T_C_combined,0.007787539936102236
chr1_118227908_G_A_combined,0.5341453674121406
chr1_118192845_G_A_combined,0.03055111821086262
chr1_118810340_G_T_combined,0.1457667731629393
chr1_118130173_T_G_combined,0.06649361022364217
chr1_118224778_G_A_combined,0.08845846645367413
chr1_118461718_C_T_combined,0.02755591054313099
chr1_118214719_G_T_combined,0.3518370607028754
chr1_118116834_T_C_combined,0.22044728434504793
chr1_118249041_C_T_combined,0.47623801916932906
chr1_118185424_A_G_combined,0.05810702875399361
chr1_118281822_A_C_combined,0.33186900958466453
chr1_118784987_C_T_combined,0.8093051118210862
chr1_118338444_G_A_combined,0.10722843450479233
chr1_118193133_A_G_combined,0.00878594249201278
chr1_118831676_T_C_combined,0.5411341853035144
chr1_118174222_A_G_combined,0.31589456869009586
chr1_118158079_A_G_combined,0.5830670926517572
chr1_118202278_G_A_combined,0.04752396166134185
chr1_118230221_T_C_combined,0.3172923322683706
chr1_118227370_T_C_combined,0.0277555910543131
chr1_118169463_G_A_combined,0.2082667731629393
chr1_168171052_CA_C_PRS313_Unknown_combined,0.1132188498402556
chr1_168090899_C_T_combined,0.27456070287539935
chr1_167483306_G_A_combined,0.40235623003194887
chr1_168706257_T_C_combined,0.6214057507987221
chr1_167825606_A_G_combined,0.2082667731629393
chr1_169079268_A_G_combined,0.707667731629393
chr1_168167553_A_G_combined,0.702076677316294
chr1_167653002_G_A_combined,0.14636581469648563
chr1_168813241_A_C_combined,0.40814696485623003
chr1_167241627_C_A_combined,0.13718051118210864
chr1_168679692_A_G_combined,0.7442092651757188
chr1_169101060_G_A_combined,0.2515974440894569
chr1_167485375_C_T_combined,0.20327476038338657
chr1_168982164_G_A_combined,0.13338658146964857
chr1_167618170_T_C_combined,0.25798722044728434
chr1_167794406_G_A_combined,0.5049920127795527
chr1_168994513_C_T_combined,0.5623003194888179
chr1_167858881_C_T_combined,0.18430511182108625
chr1_167847584_T_C_combined,0.32368210862619806
chr1_168521747_T_C_combined,0.18610223642172524
chr1_168734457_G_A_combined,0.2496006389776358
chr1_169079419_G_A_combined,0.6118210862619808
chr1_167643461_C_T_combined,0.23222843450479233
chr1_168045227_T_C_combined,0.011182108626198083
chr1_167467782_G_T_combined,0.12919329073482427
chr1_168824111_T_C_combined,0.6851038338658147
chr1_168166616_C_T_combined,0.5391373801916933
chr1_167683087_C_T_combined,0.22164536741214058
chr1_169073050_C_A_combined,0.4424920127795527
chr1_167508421_C_A_combined,0.02016773162939297
chr1_167355192_C_T_combined,0.6086261980830671
chr1_168701199_T_G_combined,0.6078274760383386
chr1_167407858_G_A_combined,0.05950479233226837
chr1_169117727_G_A_combined,0.17232428115015974
chr1_168494042_C_T_combined,0.34065495207667734
chr1_169006159_T_C_combined,0.7847444089456869
chr1_167825485_T_C_combined,0.5045926517571885
chr1_168359043_A_G_combined,0.365814696485623
chr1_168133975_C_A_combined,0.26238019169329074
chr1_167674777_G_A_combined,0.03793929712460064
chr1_167903079_G_T_combined,0.16733226837060702
chr1_168018840_G_T_combined,0.17751597444089456
chr1_168748586_G_A_combined,0.22603833865814696
chr1_168741818_T_C_combined,0.2681709265175719
chr1_168627544_A_C_combined,0.6627396166134185
chr1_168167139_A_G_combined,0.3264776357827476
chr1_167391904_C_T_combined,0.8757987220447284
chr1_168131592_A_G_combined,0.45107827476038337
chr1_168237373_C_A_combined,0.006988817891373802
chr1_167812359_A_G_combined,0.1385782747603834
chr1_168996958_T_G_combined,0.7845447284345048
chr1_168902485_C_T_combined,0.10383386581469649
chr1_167806714_G_A_combined,0.4704472843450479
chr1_167787265_C_T_combined,0.11900958466453675
chr1_168148829_G_A_combined,0.3057108626198083
chr1_169012985_A_G_combined,0.2817492012779553
chr1_168126289_A_G_combined,0.2669728434504792
chr1_167849701_G_A_combined,0.15874600638977635
chr1_167982510_T_G_combined,0.010383386581469648
chr1_167522461_C_T_combined,0.018370607028753993
chr1_168399163_A_C_combined,0.0277555910543131
chr1_169070450_T_C_combined,0.1391773162939297
chr1_167778843_G_A_combined,0.47104632587859424
chr1_167466144_G_A_combined,0.044129392971246004
chr1_168163060_A_G_combined,0.0347444089456869
chr1_168520741_G_A_combined,0.02875399361022364
chr1_167658206_A_G_combined,0.2034744408945687
chr1_168159262_C_T_combined,0.5041932907348243
chr1_168407116_C_T_combined,0.025958466453674122
chr1_168728415_C_T_combined,0.12859424920127796
chr1_167822213_T_C_combined,0.24700479233226838
chr1_167617699_A_G_combined,0.13158945686900958
chr1_167279360_G_A_combined,0.14716453674121405
chr1_110198129_CAAA_C_PRS313_Unknown_combined,0.7236421725239617
chr1_109821307_G_T_combined,0.6389776357827476
chr1_109455635_G_T_combined,0.4442891373801917
chr1_110103724_A_T_combined,0.008985623003194889
chr1_109692890_C_T_combined,0.6934904153354633
chr1_111137811_A_G_combined,0.3903753993610224
chr1_110193054_G_A_combined,0.13158945686900958
chr1_110533997_G_A_combined,0.1253993610223642
chr1_109727422_A_G_combined,0.31190095846645366
chr1_109822143_G_A_combined,0.6431709265175719
chr1_110450177_T_C_combined,0.4678514376996805
chr1_110922140_G_A_combined,0.5041932907348243
chr1_110751574_T_C_combined,0.03494408945686901
chr1_110372198_G_A_combined,0.3081070287539936
chr1_110336490_A_G_combined,0.1132188498402556
chr1_110045824_A_C_combined,0.215055910543131
chr1_110993349_G_A_combined,0.20487220447284346
chr1_109742452_C_T_combined,0.7577875399361023
chr1_110331728_A_G_combined,0.21485623003194887
chr1_109723090_T_C_combined,0.39177316293929715
chr1_111018598_C_T_combined,0.07468051118210862
chr1_110348771_A_C_combined,0.5493210862619808
chr1_109807099_G_A_combined,0.35303514376996803
chr1_110675439_T_C_combined,0.015575079872204472
chr1_110300441_G_A_combined,0.47324281150159747
chr1_109912051_A_G_combined,0.0509185303514377
chr1_110173775_G_T_combined,0.12579872204472844
chr1_110322541_A_G_combined,0.3761980830670926
chr1_110210914_G_A_combined,0.03634185303514377
chr1_109821511_T_G_combined,0.6481629392971247
chr1_110788825_T_C_combined,0.740814696485623
chr1_110253241_A_C_combined,0.34824281150159747
chr1_109774026_G_A_combined,0.7851437699680511
chr1_111093653_T_C_combined,0.4139376996805112
chr1_110163879_G_A_combined,0.2362220447284345
chr1_110334812_C_T_combined,0.21385782747603835
chr1_109563656_A_C_combined,0.46405750798722045
chr1_110338768_T_G_combined,0.38119009584664537
chr1_109238145_C_T_combined,0.2358226837060703
chr1_110082886_C_T_combined,0.012180511182108627
chr1_110195901_T_C_combined,0.0369408945686901
chr1_110375695_G_A_combined,0.65435303514377
chr1_109271037_T_C_combined,0.1944888178913738
chr1_109268573_T_C_combined,0.5928514376996805
chr1_110640235_C_T_combined,0.3628194888178914
chr1_109818530_C_T_combined,0.7615814696485623
chr1_110169198_C_T_combined,0.00878594249201278
chr1_110178720_C_T_combined,0.009984025559105431
chr1_110330723_T_C_combined,0.07887380191693291
chr1_110447684_C_T_combined,0.7054712460063898
chr1_110169957_A_G_combined,0.8504392971246006
chr1_109839896_C_T_combined,0.23502396166134185
chr1_110136458_A_G_combined,0.4426916932907348
chr1_111103245_C_T_combined,0.18330670926517573
chr1_110330456_G_A_combined,0.16693290734824281
chr1_110441792_A_G_combined,0.7162539936102237
chr1_110119732_C_T_combined,0.23162939297124602
chr1_109737090_G_A_combined,0.7152555910543131
chr1_110739647_C_T_combined,0.125
chr1_110760444_A_G_combined,0.5654952076677316
chr1_110151395_G_T_combined,0.08865814696485623
chr1_110399970_C_A_combined,0.12659744408945686
chr1_110266754_A_C_combined,0.38298722044728434
chr1_109821797_G_A_combined,0.6473642172523961
chr1_110279701_C_T_combined,0.36062300319488816
chr1_109238825_A_G_combined,0.05491214057507987
chr1_111141682_C_T_combined,0.5237619808306709
chr1_109737063_C_T_combined,0.7136581469648562
chr1_109814880_C_T_combined,0.17172523961661343
chr1_110790977_C_A_combined,0.24700479233226838
chr1_111104733_G_A_combined,0.18330670926517573
chr1_109817838_T_C_combined,0.7691693290734825
chr1_110442337_T_G_combined,0.8250798722044729
chr1_109834039_A_G_combined,0.10023961661341853
chr1_109817192_A_G_combined,0.20087859424920126
chr1_110201860_C_A_combined,0.03374600638977636
chr1_109389021_C_T_combined,0.23202875399361023
chr1_110147287_C_T_combined,0.12659744408945686
chr1_109273610_G_A_combined,0.4508785942492013
chr1_110147321_C_T_combined,0.03154952076677316
chr1_109818306_G_T_combined,0.7609824281150159
chr1_110215178_A_G_combined,0.4418929712460064
chr1_110409330_T_C_combined,0.4560702875399361
chr1_109466858_G_A_combined,0.2703674121405751
chr1_109752204_T_C_combined,0.27575878594249204
chr1_109838215_G_A_combined,0.006389776357827476
chr1_109817590_G_T_combined,0.19548722044728434
chr1_109745618_T_C_combined,0.8903753993610224
chr1_110156212_G_A_combined,0.4289137380191693
chr1_109759998_A_G_combined,0.391573482428115
chr1_110799995_T_C_combined,0.026357827476038338
chr1_110339730_C_T_combined,0.06369808306709265
chr1_109255513_G_T_combined,0.8636182108626198
chr1_110304777_G_A_combined,0.06609424920127796
chr1_110359882_A_G_combined,0.5059904153354633
chr1_109210311_G_A_combined,0.051118210862619806
chr1_110423353_A_C_combined,0.854632587859425
chr1_109266523_A_G_combined,0.5978434504792333
chr1_110662374_A_G_combined,0.3616214057507987
chr1_110060710_C_T_combined,0.052915335463258786
chr1_110677023_C_T_combined,0.03454472843450479
chr1_111116752_T_G_combined,0.5605031948881789
chr1_110088657_G_A_combined,0.008985623003194889
chr1_110294577_A_G_combined,0.3544329073482428
chr1_110724269_T_G_combined,0.019169329073482427
chr1_110335185_C_A_combined,0.08546325878594249
chr1_110517396_C_T_combined,0.25778753993610226
chr1_109819296_C_A_combined,0.5936501597444089
chr1_109265029_G_T_combined,0.5786741214057508
chr1_110757441_A_C_combined,0.040934504792332266
chr1_110154688_T_C_combined,0.03194888178913738
chr1_110478803_T_C_combined,0.7723642172523961
chr1_110061974_T_C_combined,0.00878594249201278
chr1_110645327_C_T_combined,0.09305111821086262
chr1_110344557_T_C_combined,0.17731629392971246
chr1_110432467_G_A_combined,0.8654153354632588
chr1_109352915_G_A_combined,0.4033546325878594
chr1_109391027_T_C_combined,0.832867412140575
chr1_109268441_G_A_combined,0.16952875399361023
chr1_110752139_A_G_combined,0.5583067092651757
chr1_110299691_G_A_combined,0.15714856230031948
chr1_110205645_A_G_combined,0.03035143769968051
chr1_109801345_C_T_combined,0.0059904153354632585
chr1_110109039_A_G_combined,0.09764376996805112
chr1_110439480_C_T_combined,0.8236821086261981
chr1_109258150_C_T_combined,0.5541134185303515
chr1_109822166_G_A_combined,0.6393769968051118
chr1_109685273_A_G_combined,0.6024361022364217
chr1_109260034_T_C_combined,0.7851437699680511
chr1_110750277_A_G_combined,0.26357827476038337
chr1_110218761_G_C_combined,0.9596645367412141
chr1_110657532_G_A_combined,0.38258785942492013
chr1_110366083_T_C_combined,0.5335463258785943
chr1_109386174_A_G_combined,0.3003194888178914
chr1_110339828_A_G_combined,0.10583067092651757
chr1_110082551_T_G_combined,0.008985623003194889
chr1_111114154_A_G_combined,0.582667731629393
chr1_109884775_T_G_combined,0.6855031948881789
chr1_110307440_A_G_combined,0.32088658146964855
chr1_109452745_T_C_combined,0.04113418530351438
chr1_220671050_C_T_PRS313_Unknown_combined,0.1964856230031949
chr1_220864976_C_A_combined,0.17032747603833867
chr1_221462534_A_C_combined,0.4115415335463259
chr1_220600236_G_A_combined,0.02875399361022364
chr1_220974391_C_A_combined,0.33825878594249204
chr1_219750717_G_T_combined,0.22264376996805113
chr1_220914920_G_T_combined,0.3288738019169329
chr1_220050460_G_A_combined,0.4470846645367412
chr1_221443475_G_A_combined,0.224241214057508
chr1_220636032_C_T_combined,0.027156549520766772
chr1_220624026_A_G_combined,0.6387779552715654
chr1_220935081_G_A_combined,0.20806709265175719
chr1_220530885_T_C_combined,0.008186900958466454
chr1_220801974_A_C_combined,0.18650159744408945
chr1_220878130_C_T_combined,0.10842651757188498
chr1_220596516_G_A_combined,0.2601837060702875
chr1_219977846_G_A_combined,0.12999201277955272
chr1_220602876_G_T_combined,0.15595047923322683
chr1_220918953_T_C_combined,0.5241613418530351
chr1_220884366_A_G_combined,0.23482428115015974
chr1_219806925_C_T_combined,0.7424121405750799
chr1_220858434_T_C_combined,0.007388178913738019
chr1_219753509_T_C_combined,0.22324281150159744
chr1_220668295_G_T_combined,0.062100638977635784
chr1_220583501_A_G_combined,0.06509584664536741
chr1_220925376_G_T_combined,0.49940095846645366
chr1_220707041_A_G_combined,0.015575079872204472
chr1_220906624_C_A_combined,0.2082667731629393
chr1_220943581_A_G_combined,0.2585862619808307
chr1_220624328_G_A_combined,0.10962460063897764
chr1_220658234_C_T_combined,0.05211661341853035
chr1_220744989_T_C_combined,0.08386581469648563
chr1_220988741_C_T_combined,0.2917332268370607
chr1_220108918_G_A_combined,0.2853434504792332
chr1_220828454_C_T_combined,0.16493610223642172
chr1_220874101_A_G_combined,0.4934105431309904
chr1_220601623_C_T_combined,0.8113019169329073
chr1_220658554_G_A_combined,0.009384984025559106
chr1_219828902_G_A_combined,0.8352635782747604
chr1_220885612_C_A_combined,0.34145367412140576
chr1_220974589_T_G_combined,0.5830670926517572
chr1_220603324_A_G_combined,0.16693290734824281
chr1_220980191_G_T_combined,0.4095447284345048
chr1_220667059_G_T_combined,0.02755591054313099
chr1_220895600_C_T_combined,0.16773162939297126
chr1_221010205_C_T_combined,0.22843450479233227
chr1_220927511_G_A_combined,0.18230830670926518
chr1_220867903_C_T_combined,0.37519968051118213
chr1_220114215_A_G_combined,0.20247603833865815
chr1_219792920_A_G_combined,0.8236821086261981
chr1_220973426_C_T_combined,0.2589856230031949
chr1_46670206_TC_T_PRS313_Unknown_combined,0.11761182108626198
chr1_46870761_C_A_combined,0.2615814696485623
chr1_46252717_T_C_combined,0.8724041533546326
chr1_46964305_A_G_combined,0.10702875399361023
chr1_46731694_C_T_combined,0.7256389776357828
chr1_46768864_G_C_combined,0.0029952076677316293
chr1_47212009_G_A_combined,0.5045926517571885
chr1_46806550_C_T_combined,0.1271964856230032
chr1_46658343_G_A_combined,0.3334664536741214
chr1_46752487_T_C_combined,0.01637380191693291
chr1_46086329_C_T_combined,0.18390575079872204
chr1_45678924_T_G_combined,0.10962460063897764
chr1_47169210_T_C_combined,0.5195686900958466
chr1_46972171_T_C_combined,0.08825878594249201
chr1_46898804_G_T_combined,0.3682108626198083
chr1_47582246_C_T_combined,0.6006389776357828
chr1_46923102_T_C_combined,0.30371405750798725
chr1_46747301_T_C_combined,0.1269968051118211
chr1_47115051_C_T_combined,0.24900159744408945
chr1_47099346_C_A_combined,0.7492012779552716
chr1_46095127_C_T_combined,0.323482428115016
chr1_46001578_G_A_combined,0.004592651757188498
chr1_46721155_T_C_combined,0.4347044728434505
chr1_47153704_G_A_combined,0.005391373801916933
chr1_46658910_G_A_combined,0.12859424920127796
chr1_45991079_G_A_combined,0.11841054313099042
chr1_45976147_G_A_combined,0.7438099041533547
chr1_46808042_C_T_combined,0.13039137380191693
chr1_46897560_C_T_combined,0.004193290734824281
chr1_46815836_C_T_combined,0.1319888178913738
chr1_46885940_A_C_combined,0.6553514376996805
chr1_46865040_T_C_combined,0.454073482428115
chr1_47201798_A_G_combined,0.5337460063897763
chr1_46972105_T_C_combined,0.0033945686900958465
chr1_46411146_G_A_combined,0.3075079872204473
chr1_46420416_T_C_combined,0.005391373801916933
chr1_47355931_C_T_combined,0.0996405750798722
chr1_47018447_C_T_combined,0.11022364217252396
chr1_45997601_C_A_combined,0.8174920127795527
chr1_46094027_A_G_combined,0.32248402555910544
chr1_46898063_C_A_combined,0.33266773162939295
chr1_47489786_T_C_combined,0.45886581469648563
chr1_46871986_T_C_combined,0.8843849840255591
chr1_46084383_G_T_combined,0.10203674121405751
chr1_46859749_G_A_combined,0.13119009584664537
chr1_46635895_T_C_combined,0.1781150159744409
chr1_47005429_C_T_combined,0.2124600638977636
chr1_46914700_C_A_combined,0.10223642172523961
chr1_46905802_G_T_combined,0.21146166134185304
chr1_46445105_T_G_combined,0.21904952076677317
chr1_45710771_G_T_combined,0.19089456869009586
chr1_47213386_G_A_combined,0.43889776357827476
chr1_46875067_G_T_combined,0.29053514376996803
chr1_46138916_A_G_combined,0.00439297124600639
chr1_47517591_A_G_combined,0.525758785942492
chr1_46827456_A_G_combined,0.2036741214057508
chr1_46865671_A_G_combined,0.43450479233226835
chr1_45903488_C_T_combined,0.1413738019169329
chr1_47609489_T_C_combined,0.5806709265175719
chr1_47084864_A_G_combined,0.1625399361022364
chr1_46981536_A_C_combined,0.7036741214057508
chr1_47087968_A_G_combined,0.4367012779552716
chr1_47544972_T_C_combined,0.5852635782747604
chr1_46925594_T_C_combined,0.30630990415335463
chr1_47413786_C_A_combined,0.5712859424920128
chr1_47657141_C_A_combined,0.4029552715654952
chr1_46476587_T_G_combined,0.8744009584664537
chr1_46813543_C_T_combined,0.17492012779552715
chr1_46375799_C_T_combined,0.40155750798722045
chr1_45819489_T_C_combined,0.4087460063897764
chr1_47587253_A_G_combined,0.3652156549520767
chr1_46440828_A_C_combined,0.0037939297124600637
chr1_47502059_C_T_combined,0.43170926517571884
chr1_46975773_C_T_combined,0.36301916932907347
chr1_46602294_A_C_combined,0.0924520766773163
chr1_46252127_G_A_combined,0.006589456869009584
chr1_47121502_C_T_combined,0.23003194888178913
chr1_45943753_C_T_combined,0.006789137380191693
chr1_46869415_A_G_combined,0.006988817891373802
chr1_46726525_C_T_combined,0.0029952076677316293
chr1_47130594_C_T_combined,0.23023162939297126
chr1_46502836_A_C_combined,0.5427316293929713
chr1_45672811_T_G_combined,0.004592651757188498
chr1_47481963_C_T_combined,0.48023162939297126
chr1_46897679_A_G_combined,0.18350638977635783
chr1_46299694_C_T_combined,0.003194888178913738
chr1_47188150_G_T_combined,0.28714057507987223
chr1_46600917_A_G_combined,0.6246006389776357
chr1_45978675_T_C_combined,0.8184904153354633
chr1_47135955_T_C_combined,0.20247603833865815
chr1_46655645_C_T_combined,0.005191693290734824
chr1_46879562_T_G_combined,0.5151757188498403
chr1_46636888_C_T_combined,0.1064297124600639
chr1_47080679_G_A_combined,0.6421725239616614
chr1_46601349_T_G_combined,0.012579872204472844
chr1_41389220_T_C_PRS313_Unknown_combined,0.008586261980830671
chr1_40961133_A_T_combined,0.001597444089456869
chr1_42037558_T_C_combined,0.019568690095846646
chr1_40408904_C_A_combined,0.019768370607028754
chr1_41329239_G_A_combined,0.00439297124600639
chr1_41945040_C_T_combined,0.017771565495207666
chr1_40775937_G_A_combined,0.008985623003194889
chr1_41338665_A_G_combined,0.24281150159744408
chr1_41772845_G_A_combined,0.006988817891373802
chr1_41400248_G_A_combined,0.04073482428115016
chr1_208076291_G_A_PRS313_Unknown_combined,0.15135782747603835
chr1_208051059_C_T_combined,0.12440095846645367
chr1_208698573_G_A_combined,0.178314696485623
chr1_207091570_G_A_combined,0.010583067092651758
chr1_208609903_C_A_combined,0.8440495207667732
chr1_208231931_C_T_combined,0.00878594249201278
chr1_207506941_T_G_combined,0.03574281150159744
chr1_208014922_T_C_combined,0.15854632587859424
chr1_208101095_T_G_combined,0.00718849840255591
chr1_207849214_A_G_combined,0.10702875399361023
chr1_208164369_C_T_combined,0.5049920127795527
chr1_208109185_G_A_combined,0.14676517571884984
chr1_207675655_G_A_combined,0.18610223642172524
chr1_208607917_A_G_combined,0.14357028753993611
chr1_208275192_G_A_combined,0.018170926517571885
chr1_208461343_G_A_combined,0.3961661341853035
chr1_207807976_G_T_combined,0.09225239616613419
chr1_208088477_G_A_combined,0.00579073482428115
chr1_207677486_G_A_combined,0.5221645367412141
chr1_208130104_T_C_combined,0.20027955271565495
chr1_208356952_A_G_combined,0.46865015974440893
chr1_208101656_C_T_combined,0.5455271565495208
chr1_207872290_T_C_combined,0.11142172523961662
chr1_208720077_G_A_combined,0.23103035143769968
chr1_208708062_T_C_combined,0.20706869009584664
chr1_208060807_A_G_combined,0.32927316293929715
chr1_207773902_A_G_combined,0.12080670926517571
chr1_207786223_C_A_combined,0.3851837060702875
chr1_208145073_C_T_combined,0.4952076677316294
chr1_207756604_T_C_combined,0.005191693290734824
chr1_208065610_G_T_combined,0.2995207667731629
chr1_207877415_G_T_combined,0.10563099041533547
chr1_207998361_T_C_combined,0.8562300319488818
chr1_207803021_T_C_combined,0.3965654952076677
chr1_207936886_C_T_combined,0.1391773162939297
chr1_208055666_A_C_combined,0.3997603833865815
chr1_207983595_T_C_combined,0.006589456869009584
chr1_208128855_G_A_combined,0.1900958466453674
chr1_207106478_G_A_combined,0.26677316293929715
chr1_208622869_A_G_combined,0.18650159744408945
chr1_207930203_G_A_combined,0.8446485623003195
chr1_207697506_T_C_combined,0.006589456869009584
chr1_207670438_A_G_combined,0.14357028753993611
chr1_208060009_C_T_combined,0.29732428115015974
chr1_207920788_C_T_combined,0.8330670926517572
chr1_208087296_A_G_combined,0.1641373801916933
chr1_208256139_G_A_combined,0.013178913738019169
chr1_207671269_C_T_combined,0.9221246006389776
chr1_207803595_G_A_combined,0.40595047923322686
chr1_207929340_G_A_combined,0.14037539936102236
chr1_208063067_G_A_combined,0.23302715654952078
chr1_208049077_C_T_combined,0.6851038338658147
chr1_208712599_G_T_combined,0.20327476038338657
chr1_208789949_A_G_combined,0.13099041533546327
chr1_207782931_A_G_combined,0.4934105431309904
chr1_207757936_A_G_combined,0.48482428115015974
chr1_208490895_T_C_combined,0.4115415335463259
chr1_208044601_T_C_combined,0.12100638977635783
chr1_208621995_G_A_combined,0.1269968051118211
chr1_207748793_A_G_combined,0.4470846645367412
chr1_207792909_C_A_combined,0.4009584664536741
chr1_207211161_A_G_combined,0.2689696485623003
chr1_208172204_T_C_combined,0.5277555910543131
chr1_207667835_T_C_combined,0.006389776357827476
chr1_207875431_A_G_combined,0.31809105431309903
chr1_208558547_T_C_combined,0.2082667731629393
chr1_207684359_T_G_combined,0.3376597444089457
chr1_207683624_A_G_combined,0.015375399361022364
chr1_208139216_C_T_combined,0.07727635782747604
chr1_208105316_T_C_combined,0.8316693290734825
chr1_208411433_G_A_combined,0.2338258785942492
chr1_207789269_A_G_combined,0.3997603833865815
chr1_207850879_C_T_combined,0.10682907348242812
chr1_208823220_C_T_combined,0.20806709265175719
chr1_207806989_T_C_combined,0.4077476038338658
chr1_207772608_A_G_combined,0.12060702875399361
chr1_208529031_G_A_combined,0.49181309904153353
chr1_207800409_A_T_combined,0.4259185303514377
chr1_208173420_C_A_combined,0.16373801916932906
chr1_207938236_C_T_combined,0.15215654952076677
chr1_208177525_A_G_combined,0.19488817891373802
chr1_208168613_T_G_combined,0.7288338658146964
chr1_207819401_C_T_combined,0.10762779552715655
chr1_208069137_G_A_combined,0.14916134185303515
chr1_207796065_G_A_combined,0.4091453674121406
chr1_208171368_C_T_combined,0.2641773162939297
chr1_207238419_C_T_combined,0.11082268370607029
chr1_208069877_G_A_combined,0.37599840255591055
chr1_207475169_G_A_combined,0.008186900958466454
chr1_208225357_A_G_combined,0.35323482428115016
chr1_208204399_G_T_combined,0.3470447284345048
chr1_208045369_G_A_combined,0.13338658146964857
chr1_208072738_A_C_combined,0.8983626198083067
chr1_207773991_T_C_combined,0.4910143769968051
chr1_207803264_C_A_combined,0.40634984025559107
chr1_208321939_T_G_combined,0.1387779552715655
chr1_208515347_A_G_combined,0.28634185303514376
chr1_207739127_A_G_combined,0.391573482428115
chr1_208129065_A_G_combined,0.20067891373801916
chr1_208635549_A_G_combined,0.46645367412140576
chr1_208027459_C_A_combined,0.3955670926517572
chr1_207977083_A_G_combined,0.25339456869009586
chr1_207957555_T_C_combined,0.2454073482428115
chr1_208164366_C_T_combined,0.11461661341853036
chr1_51467096_CT_C_PRS313_Unknown_combined,0.4371006389776358
chr1_51631884_C_T_combined,0.15475239616613418
chr1_50788457_C_T_combined,0.14396964856230032
chr1_51470242_G_A_combined,0.3073083067092652
chr1_51553100_A_G_combined,0.07967252396166134
chr1_50858087_A_G_combined,0.5377396166134185
chr1_51826921_T_C_combined,0.23342651757188498
chr1_51028154_A_G_combined,0.016773162939297124
chr1_52097580_A_G_combined,0.24161341853035143
chr1_50838990_T_C_combined,0.536741214057508
chr1_50815397_A_G_combined,0.3176916932907348
chr1_51781211_T_C_combined,0.29732428115015974
chr1_51567300_G_A_combined,0.17671725239616615
chr1_51800712_G_A_combined,0.22304313099041534
chr1_52263082_G_A_combined,0.2601837060702875
chr1_51034340_G_A_combined,0.019568690095846646
chr1_50937848_T_C_combined,0.3753993610223642
chr1_52150585_C_T_combined,0.2382188498402556
chr1_50962026_A_G_combined,0.010383386581469648
chr1_51401419_C_T_combined,0.08246805111821086
chr1_50802855_C_T_combined,0.34924121405750796
chr1_51617981_C_A_combined,0.025758785942492014
chr1_51440093_C_T_combined,0.15475239616613418
chr1_51526458_C_T_combined,0.1757188498402556
chr1_50882506_T_C_combined,0.015375399361022364
chr1_50935031_C_T_combined,0.16293929712460065
chr1_51866769_T_C_combined,0.017172523961661343
chr1_51468708_A_G_combined,0.009185303514376996
chr1_51786899_C_T_combined,0.0740814696485623
chr1_50901368_T_C_combined,0.44049520766773165
chr1_51989591_A_G_combined,0.43170926517571884
chr1_51219984_T_C_combined,0.02615814696485623
chr1_51484626_G_T_combined,0.13358626198083068
chr1_51923614_C_A_combined,0.24660543130990414
chr1_51177994_T_C_combined,0.010982428115015975
chr1_52008153_G_A_combined,0.16972843450479233
chr1_51439777_C_T_combined,0.0439297124600639
chr1_50939762_G_A_combined,0.054712460063897767
chr1_52163537_A_G_combined,0.16094249201277955
chr1_52033856_G_T_combined,0.16952875399361023
chr1_50824281_C_T_combined,0.08346645367412141
chr1_51537371_G_T_combined,0.044329073482428115
chr1_51957970_C_T_combined,0.10722843450479233
chr1_50763945_A_G_combined,0.715055910543131
chr1_51103286_T_G_combined,0.08546325878594249
chr1_51540607_G_A_combined,0.04373003194888179
chr1_50768157_G_A_combined,0.09005591054313099
chr1_50909985_G_A_combined,0.07887380191693291
chr1_50598368_C_T_combined,0.3396565495207668
chr1_51930633_T_G_combined,0.01737220447284345
chr1_51255686_A_G_combined,0.014976038338658147
chr1_51993005_A_G_combined,0.25559105431309903
chr1_51544465_C_T_combined,0.27615814696485624
chr1_51805099_C_T_combined,0.013378594249201278
chr1_51477643_T_A_combined,0.4406948881789137
chr1_50907438_T_C_combined,0.4347044728434505
chr1_50874830_T_C_combined,0.8053115015974441
chr1_100880328_A_T_PRS313_Unknown_combined,0.40035942492012777
chr1_101141256_G_T_combined,0.007388178913738019
chr1_101262806_C_T_combined,0.03654153354632588
chr1_100914270_A_G_combined,0.14876198083067094
chr1_101080152_C_T_combined,0.0812699680511182
chr1_101041054_C_A_combined,0.6837060702875399
chr1_100643730_A_G_combined,0.03893769968051118
chr1_101331536_T_C_combined,0.42951277955271566
chr1_100764827_T_C_combined,0.09305111821086262
chr1_101024593_C_G_combined,0.008985623003194889
chr1_101339977_C_T_combined,0.000998402555910543
chr1_101006240_C_T_combined,0.08706070287539937
chr1_101347298_A_G_combined,0.0037939297124600637
chr1_101199979_A_G_combined,0.9141373801916933
chr1_101286836_C_T_combined,0.0023961661341853034
chr1_100479172_A_C_combined,0.005391373801916933
chr1_100965313_T_C_combined,0.005591054313099041
chr1_100798137_G_A_combined,0.22284345047923323
chr1_100466279_G_A_combined,0.14157348242811502
chr1_101378647_A_G_combined,0.8644169329073482
chr1_101077889_C_T_combined,0.09065495207667731
chr1_101186870_G_T_combined,0.050119808306709264
chr1_100771636_T_C_combined,0.4692492012779553
chr1_101254342_A_G_combined,0.002196485623003195
chr1_101178176_C_T_combined,0.0037939297124600637
chr1_100766548_T_C_combined,0.04053514376996805
chr1_101107748_C_T_combined,0.4562699680511182
chr1_101332950_C_T_combined,0.009185303514376996
chr1_101045590_A_G_combined,0.01178115015974441
chr1_101080800_A_C_combined,0.01577476038338658
chr1_100731820_G_A_combined,0.770167731629393
chr1_101238110_A_G_combined,0.027356230031948883
chr1_100796296_T_C_combined,0.6259984025559105
chr1_100518832_T_C_combined,0.04552715654952077
chr1_101339781_A_G_combined,0.00039936102236421724
chr1_100458794_G_A_combined,0.009384984025559106
chr1_100714532_G_A_combined,0.003993610223642172
chr1_100844734_T_C_combined,0.010782747603833865
chr1_100731163_G_A_combined,0.7248402555910544
chr1_101124636_G_A_combined,0.008586261980830671
chr1_100906466_T_C_combined,0.16713258785942492
chr1_101108849_C_T_combined,0.009984025559105431
chr1_101192142_A_G_combined,0.010982428115015975
chr1_101197012_A_G_combined,0.00579073482428115
chr1_100768163_C_T_combined,0.014776357827476038
chr1_101327580_G_A_combined,0.005391373801916933
chr1_100814398_C_T_combined,0.08945686900958466
chr1_100632949_C_T_combined,0.006589456869009584
chr1_100798036_C_A_combined,0.08146964856230032
chr1_101189459_G_A_combined,0.010982428115015975
chr1_100661929_A_G_combined,0.00019968051118210862
chr1_101199886_A_G_combined,0.14956070287539935
chr1_100875808_T_C_combined,0.006988817891373802
chr1_100746159_T_G_combined,0.08506389776357827
chr1_100495420_G_T_combined,0.10303514376996806
chr1_101064936_A_G_combined,0.0231629392971246
chr1_101188746_A_G_combined,0.00019968051118210862
chr1_100411287_T_C_combined,0.11261980830670927
chr1_100547994_T_C_combined,0.3520367412140575
chr1_101197289_A_G_combined,0.9273162939297125
chr1_101134722_T_C_combined,0.000998402555910543
chr1_100770760_T_G_combined,0.11701277955271565
chr1_100909731_C_T_combined,0.005191693290734824
chr1_100995524_C_T_combined,0.00718849840255591
chr1_101230852_G_A_combined,0.4956070287539936
chr1_101339863_T_C_combined,0.00019968051118210862
chr1_100902936_A_G_combined,0.7116613418530351
chr1_101276999_A_G_combined,0.12160543130990416
chr1_100800476_A_G_combined,0.03973642172523962
chr1_100678671_C_T_combined,0.009984025559105431
chr1_100864133_A_G_combined,0.027955271565495207
chr1_100861729_G_A_combined,0.008186900958466454
chr1_101016141_C_T_combined,0.018769968051118212
chr1_100573410_C_G_combined,0.00019968051118210862
chr1_101084542_A_G_combined,0.7857428115015974
chr1_100681560_C_A_combined,0.00019968051118210862
chr1_100739833_C_A_combined,0.006190095846645367
chr1_101339737_T_C_combined,0.001996805111821086
chr1_101157297_G_A_combined,0.01018370607028754
chr1_100676303_A_G_combined,0.0005990415335463259
chr1_100806404_T_C_combined,0.9115415335463258
chr1_101366420_C_T_combined,0.0013977635782747603
chr1_101262652_G_A_combined,0.0029952076677316293
chr1_101339871_T_C_combined,0.00019968051118210862
chr1_101183825_T_C_combined,0.1781150159744409
chr1_100515033_T_C_combined,0.009185303514376996
chr1_100546245_A_G_combined,0.05910543130990415
chr1_101196637_T_C_combined,0.06888977635782748
chr1_100509749_C_T_combined,0.0011980830670926517
chr1_100880269_G_A_combined,0.00878594249201278
chr1_101202222_A_G_combined,0.47184504792332266
chr1_101231039_C_T_combined,0.0011980830670926517
chr1_100573191_A_G_combined,0.00019968051118210862
chr1_100995710_A_G_combined,0.005591054313099041
chr1_100719130_C_T_combined,0.39696485623003197
chr1_100800905_T_G_combined,0.49121405750798725
chr1_100403265_C_T_combined,0.3913738019169329
chr1_101348100_C_A_combined,0.47084664536741216
chr1_100580608_T_G_combined,0.006589456869009584
chr1_101200146_T_A_combined,0.0005990415335463259
chr1_100612675_A_G_combined,0.4069488817891374
chr1_101202354_A_G_combined,0.6140175718849841
chr1_101367282_G_A_combined,0.0017971246006389776
chr1_100946172_A_C_combined,0.08845846645367413
chr1_101322866_A_G_combined,0.2038738019169329
chr1_101265734_C_T_combined,0.016174121405750797
chr1_100444663_A_G_combined,0.0049920127795527154
chr1_100681587_A_G_combined,0.0033945686900958465
chr1_100740485_T_C_combined,0.003993610223642172
chr1_100707296_C_T_combined,0.0856629392971246
chr1_101236817_T_C_combined,0.07468051118210862
chr1_100683627_A_G_combined,0.7637779552715654
chr1_100473236_A_T_combined,0.015375399361022364
chr1_100732601_A_C_combined,0.05071884984025559
chr1_100463030_T_C_combined,0.1411741214057508
chr1_101105069_T_C_combined,0.03354632587859425
chr1_101019326_T_G_combined,0.39416932907348246
chr1_101204495_C_A_combined,0.0738817891373802
chr1_100411840_C_T_combined,0.003194888178913738
chr1_100928321_G_A_combined,0.00019968051118210862
chr1_101212222_T_C_combined,0.06988817891373802
chr1_100764242_A_G_combined,0.002595846645367412
chr1_100695913_C_T_combined,0.04492811501597444
chr1_101364772_C_T_combined,0.004792332268370607
chr1_100886422_T_G_combined,0.005191693290734824
chr1_101132413_T_C_combined,0.013378594249201278
chr1_101056195_G_A_combined,0.012180511182108627
chr1_100992899_A_G_combined,0.11581469648562301
chr1_100793146_T_C_combined,0.26936900958466453
chr1_100434332_T_G_combined,0.06070287539936102
chr1_101203765_A_T_combined,0.022563897763578276
chr1_101049617_C_T_combined,0.05571086261980831
chr1_100492867_A_G_combined,0.11022364217252396
chr1_100972881_T_G_combined,0.001597444089456869
chr1_100964774_G_A_combined,0.0011980830670926517
chr1_101199147_A_G_combined,0.13278753993610223
chr1_100765463_G_A_combined,0.16793130990415336
chr1_101048118_T_C_combined,0.0049920127795527154
chr1_101197585_C_T_combined,0.042731629392971246
chr1_100709949_A_C_combined,0.010383386581469648
chr1_101350706_G_A_combined,0.025559105431309903
chr1_101198105_G_A_combined,0.0005990415335463259
chr1_101135330_A_G_combined,0.006589456869009584
chr1_101197183_G_A_combined,0.152555910543131
chr1_100766593_A_G_combined,0.05071884984025559
chr1_100925930_C_T_combined,0.2621805111821086
chr1_100919788_G_A_combined,0.2621805111821086
chr1_101207501_C_T_combined,0.0027955271565495207
chr1_101110600_G_T_combined,0.014776357827476038
chr1_101043258_A_T_combined,0.9662539936102237
chr1_101103668_G_A_combined,0.0027955271565495207
chr1_101033032_A_G_combined,0.09325079872204473
chr1_100757824_C_T_combined,0.009984025559105431
chr1_100609743_T_G_combined,0.013777955271565496
chr1_101084273_C_T_combined,0.3446485623003195
chr1_100964808_G_A_combined,0.00019968051118210862
chr1_100436133_A_G_combined,0.03534345047923323
chr1_100681641_C_A_combined,0.0011980830670926517
chr1_101197384_A_G_combined,0.07208466453674121
chr1_101339831_G_T_combined,0.00019968051118210862
chr1_101013907_A_C_combined,0.011182108626198083
chr1_100443397_C_T_combined,0.029952076677316294
chr1_101213377_A_G_combined,0.43650159744408945
chr1_101022112_A_G_combined,0.6437699680511182
chr1_100656939_T_C_combined,0.04732428115015974
chr1_101298178_C_T_combined,0.00718849840255591
chr1_100405465_T_C_combined,0.6685303514376997
chr1_100382037_A_G_combined,0.0013977635782747603
chr1_100732503_A_G_combined,0.03154952076677316
chr1_100423058_A_G_combined,0.0029952076677316293
chr1_101274933_A_G_combined,0.014776357827476038
chr1_100443009_A_G_combined,0.0029952076677316293
chr1_100620728_G_A_combined,0.004592651757188498
chr1_100779891_A_G_combined,0.1625399361022364
chr1_101231300_T_C_combined,0.5255591054313099
chr1_100930254_C_T_combined,0.3288738019169329
chr1_100860339_C_A_combined,0.09065495207667731
chr1_100521920_T_C_combined,0.0037939297124600637
chr1_149906413_T_C_PRS313_Known_combined,0.22863418530351437
chr1_150192450_T_C_combined,0.008386581469648562
chr1_150090535_T_G_combined,0.0509185303514377
chr1_149773555_A_C_combined,0.06809105431309904
chr1_150531078_A_G_combined,0.06749201277955272
chr1_149998702_A_C_combined,0.3328674121405751
chr1_150158002_G_T_combined,0.6271964856230032
chr1_150163390_T_C_combined,0.21944888178913738
chr1_150363261_A_G_combined,0.0115814696485623
chr1_149868479_G_T_combined,0.006589456869009584
chr1_149815323_G_A_combined,0.18849840255591055
chr1_150158857_G_A_combined,0.013578274760383386
chr1_149927034_A_C_combined,0.22024760383386582
chr1_149815536_T_C_combined,0.15415335463258786
chr1_149938898_T_C_combined,0.1922923322683706
chr1_149995265_G_A_combined,0.2108626198083067
chr1_149920593_C_A_combined,0.012180511182108627
chr1_149850114_T_C_combined,0.004792332268370607
chr1_150870629_G_T_combined,0.15495207667731628
chr1_149998494_T_C_combined,0.6060303514376997
chr1_149967911_A_G_combined,0.006988817891373802
chr1_150547938_G_A_combined,0.01577476038338658
chr1_149955618_C_T_combined,0.05830670926517572
chr1_150199123_G_T_combined,0.6020367412140575
chr1_150005333_C_T_combined,0.04952076677316294
chr1_150252984_T_G_combined,0.7539936102236422
chr1_150860471_C_T_combined,0.31309904153354634
chr1_149878407_G_A_combined,0.006789137380191693
chr1_150120239_A_C_combined,0.007987220447284345
chr1_150466925_C_T_combined,0.23542332268370608
chr1_18807339_T_C_PRS313_Known_combined,0.5521166134185304
chr1_18144934_A_G_combined,0.13318690095846644
chr1_18870356_A_G_combined,0.11242012779552715
chr1_18948805_G_A_combined,0.06329872204472843
chr1_18108849_A_G_combined,0.1248003194888179
chr1_19108355_G_A_combined,0.20926517571884984
chr1_18816616_T_C_combined,0.2541932907348243
chr1_18268281_A_G_combined,0.35043929712460065
chr1_18854369_G_A_combined,0.053314696485623
chr1_19566296_T_C_combined,0.42472044728434505
chr1_18797100_G_T_combined,0.8704073482428115
chr1_19293290_C_T_combined,0.34145367412140576
chr1_18692905_G_A_combined,0.17951277955271566
chr1_19373360_C_T_combined,0.11940894568690096
chr1_18736536_G_A_combined,0.19049520766773162
chr1_18505230_A_G_combined,0.42312300319488816
chr1_18489949_C_T_combined,0.38059105431309903
chr1_18822818_C_T_combined,0.039936102236421724
chr1_18767791_C_T_combined,0.5137779552715654
chr1_18882489_G_A_combined,0.26956869009584666
chr1_18847892_C_T_combined,0.018769968051118212
chr1_18839126_G_A_combined,0.48262779552715657
chr1_18812176_G_A_combined,0.30171725239616615
chr1_18872090_G_A_combined,0.12220447284345048
chr1_19088899_C_T_combined,0.6533546325878594
chr1_18685202_C_T_combined,0.17791533546325877
chr1_19053523_A_G_combined,0.03813897763578275
chr1_18151141_T_C_combined,0.1529552715654952
chr1_18631175_C_T_combined,0.4958067092651757
chr1_17973914_C_T_combined,0.060503194888178916
chr1_18794255_G_A_combined,0.010583067092651758
chr1_18789789_C_T_combined,0.07707667731629393
chr1_18225521_C_T_combined,0.1873003194888179
chr1_18818701_G_A_combined,0.07048722044728435
chr1_18817181_G_A_combined,0.2545926517571885
chr1_19730346_T_C_combined,0.7398162939297125
chr1_18807755_G_A_combined,0.09444888178913738
chr1_18793520_A_G_combined,0.8079073482428115
chr1_18796301_A_C_combined,0.15894568690095848
chr1_18049855_C_T_combined,0.10603035143769968
chr1_19043062_T_G_combined,0.3288738019169329
chr1_18277480_G_A_combined,0.8192891373801917
chr1_18805564_T_C_combined,0.29772364217252395
chr1_19500551_T_C_combined,0.3396565495207668
chr1_18722846_G_A_combined,0.213258785942492
chr1_18845143_C_T_combined,0.06609424920127796
chr1_18615392_G_A_combined,0.7050718849840255
chr1_18158156_C_T_combined,0.17452076677316294
chr1_18696215_A_G_combined,0.7388178913738019
chr1_18173000_G_T_combined,0.15854632587859424
chr1_18871042_G_A_combined,0.016174121405750797
chr1_18805328_T_C_combined,0.3148961661341853
chr1_18914423_C_T_combined,0.5475239616613419
chr1_19627876_T_C_combined,0.3791932907348243
chr1_18792300_C_T_combined,0.09544728434504793
chr1_18769575_C_T_combined,0.1136182108626198
chr1_18597809_G_A_combined,0.1062300319488818
chr1_18776939_T_C_combined,0.11022364217252396
chr1_19549864_T_C_combined,0.33246805111821087
chr1_7917076_G_A_PRS313_Unknown_combined,0.34065495207667734
chr1_7830262_T_C_combined,0.2519968051118211
chr1_7913445_C_T_combined,0.08506389776357827
chr1_7961206_C_T_combined,0.674720447284345
chr1_8196065_G_A_combined,0.17472044728434505
chr1_7779651_G_A_combined,0.008386581469648562
chr1_7887579_C_G_combined,0.060303514376996804
chr1_7828417_C_A_combined,0.09225239616613419
chr1_8021973_G_T_combined,0.1481629392971246
chr1_7937656_T_C_combined,0.08286741214057508
chr1_7946441_G_A_combined,0.09105431309904154
chr1_7755583_C_T_combined,0.06429712460063898
chr1_7636971_T_C_combined,0.18670127795527156
chr1_7881780_C_T_combined,0.1827076677316294
chr1_7955894_A_G_combined,0.34365015974440893
chr1_7868725_T_C_combined,0.3097044728434505
chr1_7911437_T_C_combined,0.23761980830670926
chr1_7913430_G_A_combined,0.4784345047923323
chr1_7909737_C_T_combined,0.11281948881789138
chr1_7888215_A_G_combined,0.5283546325878594
chr1_7897133_A_G_combined,0.12100638977635783
chr1_7936272_G_T_combined,0.6689297124600639
chr1_7644015_G_A_combined,0.0996405750798722
chr1_8273551_C_T_combined,0.6240015974440895
chr1_7916387_T_C_combined,0.1413738019169329
chr1_7731876_T_C_combined,0.09604632587859425
chr1_7920423_C_T_combined,0.2362220447284345
chr1_8906301_A_G_combined,0.4870207667731629
chr1_8188805_A_C_combined,0.10103833865814696
chr1_8057254_T_C_combined,0.7885383386581469
chr1_8014568_G_A_combined,0.051118210862619806
chr1_7880683_T_G_combined,0.12060702875399361
chr1_7717333_A_G_combined,0.08386581469648563
chr1_7913004_A_G_combined,0.0231629392971246
chr1_7971078_G_A_combined,0.7268370607028753
chr1_7934518_G_A_combined,0.14077476038338657
chr1_8022197_G_T_combined,0.17751597444089456
chr1_7879627_C_T_combined,0.10922523961661341
chr1_8151224_G_A_combined,0.3586261980830671
chr1_7779957_C_A_combined,0.013777955271565496
chr1_7480345_A_G_combined,0.2679712460063898
chr1_7972201_A_G_combined,0.4309105431309904
chr1_7863293_C_T_combined,0.4163338658146965
chr1_7856267_C_A_combined,0.12020766773162939
chr1_7826347_C_T_combined,0.90814696485623
chr1_7834434_G_A_combined,0.05930511182108626
chr1_7926542_A_G_combined,0.7044728434504792
chr1_7278011_T_C_combined,0.20207667731629392
chr1_7837842_T_C_combined,0.8368610223642172
chr1_8244145_G_A_combined,0.6098242811501597
chr1_7999602_C_T_combined,0.20227635782747605
chr1_7872076_A_G_combined,0.12100638977635783
chr1_7465815_C_T_combined,0.6297923322683706
chr1_7923038_T_G_combined,0.2869408945686901
chr1_8003064_G_A_combined,0.1968849840255591
chr1_7897615_A_G_combined,0.00878594249201278
chr1_7911302_C_T_combined,0.24341054313099042
chr1_217053815_T_G_PRS313_Unknown_combined,0.4382987220447284
chr1_217487940_C_T_combined,0.2975239616613419
chr1_216633635_T_C_combined,0.5315495207667732
chr1_218000520_T_C_combined,0.20607028753993611
chr1_216315149_C_T_combined,0.38738019169329074
chr1_216947142_C_T_combined,0.10123801916932908
chr1_217081526_T_C_combined,0.5047923322683706
chr1_216913261_G_A_combined,0.5439297124600639
chr1_216641894_A_G_combined,0.17711661341853036
chr1_216983882_G_A_combined,0.009984025559105431
chr1_218024290_T_C_combined,0.01697284345047923
chr1_216731618_C_T_combined,0.03793929712460064
chr1_216181197_T_C_combined,0.5283546325878594
chr1_217117586_G_A_combined,0.11841054313099042
chr1_216642595_A_G_combined,0.1248003194888179
chr1_216920286_T_C_combined,0.7785543130990416
chr1_216952438_T_G_combined,0.18849840255591055
chr1_216943125_A_G_combined,0.2036741214057508
chr1_217199626_C_T_combined,0.8426517571884984
chr1_216182846_T_C_combined,0.48961661341853036
chr1_217162443_A_G_combined,0.23981629392971246
chr1_217406858_T_C_combined,0.26078274760383385
chr1_216179808_A_G_combined,0.44349041533546324
chr1_217133755_C_T_combined,0.06749201277955272
chr1_217737556_G_A_combined,0.5133785942492013
chr1_217525075_C_A_combined,0.034145367412140575
chr1_217373915_T_G_combined,0.5888578274760383
chr1_216302976_A_G_combined,0.018769968051118212
chr1_216672727_A_G_combined,0.0555111821086262
chr1_216138449_A_G_combined,0.01018370607028754
chr1_217762620_C_T_combined,0.17671725239616615
chr1_218030584_G_T_combined,0.41972843450479236
chr1_217885475_G_T_combined,0.5503194888178914
chr1_216212796_A_G_combined,0.6605431309904153
chr1_216900811_T_G_combined,0.7983226837060703
chr1_216973196_G_A_combined,0.8488418530351438
chr1_217506446_T_C_combined,0.04153354632587859
chr1_217559619_T_G_combined,0.3430511182108626
chr1_217075892_A_G_combined,0.582667731629393
chr1_216295188_T_C_combined,0.45187699680511184
chr1_217124015_T_C_combined,0.10303514376996806
chr1_217058479_C_T_combined,0.5357428115015974
chr1_216235074_C_T_combined,0.3931709265175719
chr1_216672805_G_A_combined,0.45267571884984026
chr1_216193693_A_C_combined,0.48522364217252395
chr1_216240301_G_T_combined,0.6060303514376997
chr1_216633246_G_A_combined,0.058706070287539935
chr1_217670527_T_C_combined,0.1343849840255591
chr1_217797948_T_G_combined,0.1204073482428115
chr1_216217066_T_C_combined,0.13039137380191693
chr1_217004374_G_A_combined,0.01437699680511182
chr1_216417771_C_T_combined,0.6421725239616614
chr1_217308047_T_C_combined,0.5173722044728435
chr1_217695191_T_C_combined,0.3083067092651757
chr1_216240048_A_C_combined,0.02356230031948882
chr1_216668269_T_G_combined,0.14716453674121405
chr1_217113227_G_A_combined,0.11920926517571885
chr1_216987461_G_A_combined,0.8775958466453674
chr1_216698548_T_C_combined,0.033346645367412144
chr1_217225113_C_A_combined,0.09804313099041534
chr1_217064861_A_C_combined,0.301517571884984
chr1_217658496_A_C_combined,0.14716453674121405
chr1_217020992_T_C_combined,0.2743610223642173
chr1_217009130_C_A_combined,0.2266373801916933
chr1_217073449_C_T_combined,0.0924520766773163
chr1_217683252_A_G_combined,0.5980431309904153
chr1_216612110_A_G_combined,0.058706070287539935
chr1_216915514_T_C_combined,0.6803115015974441
chr1_216390694_C_T_combined,0.5874600638977636
chr1_216960014_G_A_combined,0.022963258785942492
chr1_216215271_C_T_combined,0.6088258785942492
chr1_216241345_C_A_combined,0.31070287539936103
chr1_216266063_C_T_combined,0.01737220447284345
chr1_217704670_G_A_combined,0.6445686900958466
chr1_216246962_G_A_combined,0.019768370607028754
chr1_216221721_C_T_combined,0.3454472843450479
chr1_216475249_C_T_combined,0.5784744408945687
chr1_216965834_G_A_combined,0.1485623003194888
chr1_217356246_C_T_combined,0.21445686900958466
chr1_217622042_C_T_combined,0.14456869009584664
chr1_216633474_C_T_combined,0.24141373801916932
chr1_218013292_C_T_combined,0.029952076677316294
chr1_217604124_T_C_combined,0.3891773162939297
chr1_217006568_A_G_combined,0.021765175718849842
chr1_216655122_G_A_combined,0.13119009584664537
chr1_217488788_G_A_combined,0.4221246006389776
chr1_216154271_T_C_combined,0.8410543130990416
chr1_217740388_C_T_combined,0.5307507987220448
chr1_216136620_T_G_combined,0.4634584664536741
chr1_216129890_C_T_combined,0.030151757188498402
chr1_216983034_G_A_combined,0.4704472843450479
chr1_216454483_T_G_combined,0.6443690095846646
chr1_217240584_G_T_combined,0.22124600638977635
chr1_217715564_A_G_combined,0.6363817891373802
chr1_216990538_T_C_combined,0.01757188498402556
chr1_216980277_A_C_combined,0.11521565495207668
chr1_217071322_G_A_combined,0.20547124600638977
chr1_217057482_A_G_combined,0.2480031948881789
chr1_216937190_G_A_combined,0.6214057507987221
chr1_216446653_G_A_combined,0.5984424920127795
chr1_216674842_T_A_combined,0.04153354632587859
chr1_216347138_A_T_combined,0.018170926517571885
chr1_217121851_A_G_combined,0.021166134185303515
chr1_217092655_T_C_combined,0.4952076677316294
chr1_216939785_A_G_combined,0.1873003194888179
chr1_216634445_A_G_combined,0.5059904153354633
chr1_216069531_C_T_combined,0.4446884984025559
chr1_216657848_G_A_combined,0.3336661341853035
chr1_216236311_C_T_combined,0.6172124600638977
chr1_216994412_T_C_combined,0.7340255591054313
chr1_217110899_A_G_combined,0.09764376996805112
chr1_216611462_C_T_combined,0.05571086261980831
chr1_216821153_T_G_combined,0.016773162939297124
chr1_216178658_G_A_combined,0.04073482428115016
chr1_216496947_G_A_combined,0.2629792332268371
chr1_217084292_T_C_combined,0.7595846645367412
chr1_216674832_T_C_combined,0.03294728434504792
chr1_217198268_A_G_combined,0.0948482428115016
chr1_216798333_C_T_combined,0.17751597444089456
chr1_217246624_T_G_combined,0.04932108626198083
chr1_217178941_G_A_combined,0.14376996805111822
chr1_217228116_A_G_combined,0.4422923322683706
chr1_216755753_C_T_combined,0.5093849840255591
chr1_216726965_G_A_combined,0.06130191693290735
chr1_216552091_C_T_combined,0.5890575079872205
chr1_217103658_T_C_combined,0.3580271565495208
chr1_217507839_G_A_combined,0.17711661341853036
chr1_217007348_C_T_combined,0.1761182108626198
chr1_217265213_T_C_combined,0.04712460063897764
chr1_216160398_A_G_combined,0.023961661341853034
chr1_216706093_T_C_combined,0.12220447284345048
chr1_217190815_T_G_combined,0.7569888178913738
chr1_216634752_G_A_combined,0.15814696485623003
chr1_217587782_A_C_combined,0.2787539936102236
chr1_216252742_T_G_combined,0.48881789137380194
chr1_217727217_T_C_combined,0.2270367412140575
chr1_217005789_G_A_combined,0.019768370607028754
chr1_217351406_T_C_combined,0.4472843450479233
chr1_217270219_T_C_combined,0.35323482428115016
chr1_217122929_G_T_combined,0.10782747603833866
chr1_217221532_G_A_combined,0.055311501597444086
chr1_216981519_C_T_combined,0.8642172523961661
chr1_216816881_G_T_combined,0.32048722044728434
chr1_216836576_A_G_combined,0.1459664536741214
chr1_217073555_G_A_combined,0.016573482428115016
chr1_217244778_T_C_combined,0.09424920127795527
chr1_217636680_G_A_combined,0.16054313099041534
chr1_216219781_A_G_combined,0.59564696485623
chr1_145604302_C_CT_PRS313_Unknown_combined,0.20966453674121405
chr1_145808165_C_T_combined,0.022763578274760384
chr1_145326106_A_T_combined,0.17691693290734825
chr1_145723739_A_C_combined,0.30411341853035145
chr1_145303971_A_G_combined,0.5279552715654952
chr1_145644984_C_T_combined,0.2134584664536741
chr1_146568955_G_A_combined,0.4528753993610224
chr1_145554120_G_A_combined,0.07068690095846646
chr1_145526777_C_A_combined,0.07907348242811502
chr1_145365372_C_G_combined,0.24321086261980832
chr1_145726727_A_G_combined,0.4654552715654952
chr1_145725689_G_A_combined,0.3240814696485623
chr1_145684115_C_T_combined,0.0037939297124600637
chr1_145717179_T_C_combined,0.00439297124600639
chr1_145607035_C_T_combined,0.004792332268370607
chr1_145479219_C_T_combined,0.8073083067092651
chr1_145428296_C_T_combined,0.7687699680511182
chr1_145395604_T_C_combined,0.19728434504792333
chr1_145555653_C_T_combined,0.40654952076677314
chr1_145472788_T_C_combined,0.02036741214057508
chr1_145556986_C_T_combined,0.19708466453674123
chr1_145555901_G_A_combined,0.004592651757188498
chr1_145723120_A_C_combined,0.3081070287539936
chr1_145779358_G_A_combined,0.022164536741214057
chr1_145723645_T_C_combined,0.30491214057507987
chr1_145475242_C_T_combined,0.016773162939297124
chr1_144906508_C_T_combined,0.09325079872204473
chr1_145383239_C_T_combined,0.1992811501597444
chr1_145579864_C_T_combined,0.020966453674121407
chr1_145599038_G_T_combined,0.21465654952076677
chr1_145561594_C_T_combined,0.5646964856230032
chr1_145543709_C_T_combined,0.021365814696485623
chr1_203770448_T_A_PRS313_Unknown_combined,0.27336261980830673
chr1_203836337_G_A_combined,0.004193290734824281
chr1_203749270_A_G_combined,0.577276357827476
chr1_203966890_T_C_combined,0.9121405750798722
chr1_203766331_A_G_combined,0.19528753993610223
chr1_203963678_C_T_combined,0.3875798722044728
chr1_204081196_A_C_combined,0.8448482428115016
chr1_204103618_G_A_combined,0.4936102236421725
chr1_203918185_A_G_combined,0.6178115015974441
chr1_203751798_C_T_combined,0.0625
chr1_203972175_A_G_combined,0.24361022364217252
chr1_204188459_G_A_combined,0.019568690095846646
chr1_203766964_A_G_combined,0.13478434504792333
chr1_203658486_C_T_combined,0.6345846645367412
chr1_203495475_C_T_combined,0.06130191693290735
chr1_203692179_A_G_combined,0.25838658146964855
chr1_203779905_C_T_combined,0.17032747603833867
chr1_203787166_C_T_combined,0.13598242811501599
chr1_203915958_A_G_combined,0.28514376996805113
chr1_203762306_C_T_combined,0.6325878594249201
chr1_203777907_G_A_combined,0.005591054313099041
chr1_204049354_G_A_combined,0.2817492012779553
chr1_203984064_T_C_combined,0.18829872204472844
chr1_203823256_A_G_combined,0.15435303514376997
chr1_203015588_C_T_combined,0.019369009584664535
chr1_203898362_T_G_combined,0.49460862619808305
chr1_203829556_G_A_combined,0.7657747603833865
chr1_203240483_C_A_combined,0.022164536741214057
chr1_203827431_T_G_combined,0.012380191693290734
chr1_10566215_A_G_PRS313_Known_combined,0.2681709265175719
chr1_10246761_C_T_combined,0.0369408945686901
chr1_10110945_C_T_combined,0.010982428115015975
chr1_11038476_C_T_combined,0.3835862619808307
chr1_10805263_T_C_combined,0.0878594249201278
chr1_10805465_A_G_combined,0.2779552715654952
chr1_10647924_C_T_combined,0.11621405750798722
chr1_10800737_C_T_combined,0.2198482428115016
chr1_10725193_G_A_combined,0.010383386581469648
chr1_10651148_A_G_combined,0.003993610223642172
chr1_10910069_G_A_combined,0.5107827476038339
chr1_10300494_G_A_combined,0.004193290734824281
chr1_11032827_C_A_combined,0.2494009584664537
chr1_10123395_A_G_combined,0.05171725239616613
chr1_10842698_G_A_combined,0.004792332268370607
chr1_10264516_G_A_combined,0.005191693290734824
chr1_10808587_A_G_combined,0.28134984025559107
chr1_10283428_A_C_combined,0.0075878594249201275
chr1_10993941_T_C_combined,0.022164536741214057
chr1_10463961_T_C_combined,0.006389776357827476
chr1_10165301_T_G_combined,0.22543929712460065
chr1_10938122_C_T_combined,0.022563897763578276
chr1_10968701_C_T_combined,0.09784345047923322
chr1_10980242_A_G_combined,0.884185303514377
chr1_10094313_G_A_combined,0.08626198083067092
chr1_10725387_T_C_combined,0.10762779552715655
chr1_10825577_C_T_combined,0.3117012779552716
chr1_10714402_C_T_combined,0.10722843450479233
chr1_10613344_T_G_combined,0.28594249201277955
chr1_10575910_A_G_combined,0.011381789137380192
chr1_10964264_G_A_combined,0.08746006389776358
chr1_11001424_G_A_combined,0.22004792332268372
chr1_10849645_A_G_combined,0.20327476038338657
chr1_10877740_C_A_combined,0.28554313099041534
chr1_10509603_C_A_combined,0.007987220447284345
chr1_10974329_G_T_combined,0.12619808306709265
chr1_10451078_A_G_combined,0.006190095846645367
chr1_10814191_A_G_combined,0.2220447284345048
chr1_10860604_A_G_combined,0.18909744408945686
chr1_10762432_C_T_combined,0.2595846645367412
chr1_11033082_A_G_combined,0.3264776357827476
chr1_10654369_A_G_combined,0.8210862619808307
chr1_10940895_C_A_combined,0.2965255591054313
chr1_10804219_G_A_combined,0.16373801916932906
chr1_10581658_G_A_combined,0.22583865814696485
chr1_10674682_T_C_combined,0.032348242811501594
chr1_10654552_C_T_combined,0.13957667731629392
chr1_11042242_C_T_combined,0.06549520766773163
chr1_10232434_A_G_combined,0.07448083067092652
chr1_10691829_G_A_combined,0.009384984025559106
chr1_10651589_T_C_combined,0.02156549520766773
chr1_10264510_A_G_combined,0.14616613418530353
chr1_10907842_C_A_combined,0.8168929712460063
chr1_11020200_T_C_combined,0.05970447284345048
chr1_11009679_G_A_combined,0.06908945686900958
chr1_10729381_C_T_combined,0.05071884984025559
chr1_10682857_C_T_combined,0.08666134185303515
chr1_10909299_T_C_combined,0.021765175718849842
chr1_10385471_A_G_combined,0.23262779552715654
chr1_10390040_A_G_combined,0.00019968051118210862
chr1_10702266_G_A_combined,0.019369009584664535
chr1_10463146_G_T_combined,0.00039936102236421724
chr1_10955083_G_A_combined,0.012579872204472844
chr1_10378270_G_A_combined,0.011182108626198083
chr1_10859478_G_A_combined,0.23961661341853036
chr1_10985261_C_T_combined,0.01457667731629393
chr1_10689678_G_A_combined,0.00579073482428115
chr1_10943226_C_T_combined,0.14696485623003194
chr1_10996382_G_A_combined,0.3771964856230032
chr1_10722564_C_T_combined,0.005191693290734824
chr1_10975582_C_T_combined,0.9442891373801917
chr1_10718377_G_A_combined,0.022963258785942492
chr1_10397458_A_C_combined,0.00019968051118210862
chr1_10822357_G_A_combined,0.08226837060702875
chr1_10947580_G_A_combined,0.1964856230031949
chr1_10759012_T_G_combined,0.3444488817891374
chr1_10785145_C_A_combined,0.019369009584664535
chr1_10933361_G_T_combined,0.10742811501597443
chr1_10962847_A_G_combined,0.0017971246006389776
chr1_10813714_C_T_combined,0.0059904153354632585
chr1_11053101_A_G_combined,0.3242811501597444
chr1_10823826_C_T_combined,0.006988817891373802
chr1_10638604_C_T_combined,0.37519968051118213
chr1_10480279_A_C_combined,0.0023961661341853034
chr1_10869052_A_C_combined,0.25099840255591055
chr1_10761759_G_A_combined,0.13119009584664537
chr1_10735863_C_T_combined,0.23901757188498401
chr1_10673177_G_A_combined,0.012180511182108627
chr1_10921228_T_C_combined,0.27855431309904155
chr1_10997978_T_C_combined,0.16333865814696485
chr1_10358065_C_T_combined,0.006190095846645367
chr1_10457496_T_G_combined,0.006988817891373802
chr1_10493415_C_T_combined,0.4700479233226837
chr1_10978767_C_T_combined,0.008985623003194889
chr1_10832861_C_T_combined,0.5425319488817891
chr1_10986308_C_A_combined,0.2565894568690096
chr1_10170021_T_C_combined,0.007388178913738019
chr1_10890026_G_A_combined,0.1271964856230032
chr1_10734389_G_A_combined,0.0033945686900958465
chr1_10988641_C_T_combined,0.008586261980830671
chr1_10725469_G_A_combined,0.004792332268370607
chr1_10355147_C_G_combined,0.00019968051118210862
chr1_10499064_T_C_combined,0.15115814696485624
chr1_10182665_G_A_combined,0.00718849840255591
chr1_10463888_C_A_combined,0.542132587859425
chr1_11009543_G_A_combined,0.0692891373801917
chr1_10483983_A_C_combined,0.05810702875399361
chr1_10743666_C_T_combined,0.003993610223642172
chr1_10697392_C_T_combined,0.0531150159744409
chr1_11031427_A_C_combined,0.030950479233226837
chr1_10929298_A_G_combined,0.6014376996805112
chr1_10435238_C_T_combined,0.0049920127795527154
chr1_10221770_C_T_combined,0.006789137380191693
chr1_10683683_G_T_combined,0.19768370607028754
chr1_10848699_A_G_combined,0.8686102236421726
chr1_10752579_T_G_combined,0.09424920127795527
chr1_10980998_C_T_combined,0.5429313099041534
chr1_10287414_C_A_combined,0.006190095846645367
chr1_10228220_G_C_combined,0.005391373801916933
chr1_10931809_C_T_combined,0.01757188498402556
chr1_10920092_G_A_combined,0.08626198083067092
chr1_10930295_C_T_combined,0.005591054313099041
chr1_10920086_C_T_combined,0.03913738019169329
chr1_10381887_A_G_combined,0.007787539936102236
chr1_10651460_C_T_combined,0.7945287539936102
chr1_10805414_T_C_combined,0.32987220447284343
chr1_10671565_G_A_combined,0.057907348242811504
chr1_10704688_C_T_combined,0.1369808306709265
chr1_10833401_C_T_combined,0.0029952076677316293
chr1_10405506_A_C_combined,0.001597444089456869
chr1_10803528_C_T_combined,0.15834664536741214
chr1_10883314_G_A_combined,0.13837859424920126
chr1_11008102_G_A_combined,0.08825878594249201
chr1_11008843_G_A_combined,0.00878594249201278
chr1_10999600_T_C_combined,0.22164536741214058
chr1_10399944_A_C_combined,0.014776357827476038
chr1_10711910_T_C_combined,0.0049920127795527154
chr1_10342629_G_A_combined,0.7126597444089456
chr1_10773987_C_T_combined,0.01457667731629393
chr1_10488555_A_G_combined,0.6044329073482428
chr1_10296518_A_C_combined,0.055311501597444086
chr1_10912551_C_T_combined,0.8714057507987221
chr1_10891857_T_C_combined,0.03514376996805112
chr1_10098028_C_A_combined,0.01577476038338658
chr1_10652977_T_C_combined,0.8917731629392971
chr1_10457121_A_G_combined,0.00579073482428115
chr1_10935265_G_A_combined,0.3616214057507987
chr1_10437762_C_T_combined,0.0013977635782747603
chr1_10590720_C_T_combined,0.02496006389776358
chr1_10783914_T_G_combined,0.006988817891373802
chr1_10978629_G_A_combined,0.019968051118210862
chr1_10847340_T_C_combined,0.5343450479233227
chr1_10518596_C_T_combined,0.8526357827476039
chr1_10601731_C_T_combined,0.006589456869009584
chr1_10739523_C_T_combined,0.07787539936102236
chr1_10397567_A_G_combined,0.03973642172523962
chr1_10890155_T_G_combined,0.6569488817891374
chr1_10906889_T_C_combined,0.019568690095846646
chr1_10676803_T_C_combined,0.00579073482428115
chr1_11037736_C_T_combined,0.178314696485623
chr1_10582047_T_C_combined,0.7733626198083067
chr1_10219202_C_T_combined,0.15175718849840256
chr1_10479791_G_A_combined,0.03813897763578275
chr1_10473266_G_A_combined,0.00019968051118210862
chr1_10691529_C_G_combined,0.005191693290734824
chr1_10805023_G_A_combined,0.08626198083067092
chr1_10856692_C_T_combined,0.24840255591054314
chr1_10155283_A_G_combined,0.8482428115015974
chr1_10752990_A_G_combined,0.07288338658146964
chr1_11007607_G_A_combined,0.006389776357827476
chr1_10787940_G_A_combined,0.005591054313099041
chr1_10794914_G_A_combined,0.004193290734824281
chr1_10759741_C_T_combined,0.0625
chr1_10203445_T_C_combined,0.3835862619808307
chr1_10760472_G_A_combined,0.03654153354632588
chr1_10803889_G_A_combined,0.016773162939297124
chr1_11046855_G_T_combined,0.2384185303514377
chr1_10901907_C_T_combined,0.07547923322683706
chr1_11031607_T_C_combined,0.1739217252396166
chr1_10798295_C_T_combined,0.008386581469648562
chr1_10395208_C_T_combined,0.011182108626198083
chr1_10703937_C_T_combined,0.0013977635782747603
chr1_10982198_G_A_combined,0.14217252396166133
chr1_11030296_T_C_combined,0.026956869009584664
chr1_10784899_C_A_combined,0.005391373801916933
chr1_10524467_T_C_combined,0.18330670926517573
chr1_10458433_C_T_combined,0.040135782747603835
chr1_10268967_C_T_combined,0.019768370607028754
chr1_10796866_T_C_combined,0.3919728434504792
chr1_10187271_A_C_combined,0.001996805111821086
chr1_10844444_A_G_combined,0.7865415335463258
chr1_10219807_G_T_combined,0.007987220447284345
chr1_10790797_C_A_combined,0.40894568690095845
chr1_10236402_C_T_combined,0.5469249201277955
chr1_10264437_A_G_combined,0.0059904153354632585
chr1_10481384_G_A_combined,0.003993610223642172
chr1_10827135_T_C_combined,0.6246006389776357
chr1_10978357_C_T_combined,0.00579073482428115
chr1_10353112_T_C_combined,0.32527955271565495
chr1_10974357_A_G_combined,0.013977635782747603
chr1_10706482_A_G_combined,0.004592651757188498
chr1_10803450_A_C_combined,0.39177316293929715
chr1_10654688_T_C_combined,0.11281948881789138
chr1_10891687_G_A_combined,0.2130591054313099
chr1_10882610_G_T_combined,0.012380191693290734
chr1_10324361_G_T_combined,0.006589456869009584
chr1_10920676_A_G_combined,0.02875399361022364
chr1_10824835_T_C_combined,0.4520766773162939
chr1_10731820_C_T_combined,0.005391373801916933
chr1_10720905_C_T_combined,0.008985623003194889
chr1_10207195_C_A_combined,0.006190095846645367
chr1_10972092_G_A_combined,0.003993610223642172
chr1_10875070_C_T_combined,0.21805111821086262
chr1_10963348_T_C_combined,0.031749201277955275
chr1_10683672_C_T_combined,0.010982428115015975
chr1_10564509_C_T_combined,0.0005990415335463259
chr1_10762077_G_A_combined,0.004792332268370607
chr1_10811325_G_A_combined,0.0371405750798722
chr1_10233756_A_G_combined,0.23043130990415336
chr1_10721402_G_A_combined,0.04832268370607029
chr1_10768002_T_C_combined,0.358426517571885
chr1_10897342_G_A_combined,0.011381789137380192
chr1_10425623_G_A_combined,0.00019968051118210862
chr1_10138485_A_G_combined,0.054512779552715655
chr1_10678589_T_G_combined,0.0013977635782747603
chr1_11015165_A_G_combined,0.22823482428115016
chr1_10386339_C_T_combined,0.00019968051118210862
chr1_10993680_T_C_combined,0.02016773162939297
chr1_10941249_C_T_combined,0.007987220447284345
chr1_10895024_G_A_combined,0.2430111821086262
chr1_11060075_G_T_combined,0.48801916932907347
chr1_11060698_A_G_combined,0.038538338658146966
chr1_10976546_G_A_combined,0.001597444089456869
chr1_11028623_C_T_combined,0.18410543130990414
chr1_10977102_G_T_combined,0.34584664536741216
chr1_10451799_C_T_combined,0.13558306709265175
chr1_10922467_C_T_combined,0.2877396166134185
chr1_10999282_G_A_combined,0.009185303514376996
chr1_10877429_C_A_combined,0.013378594249201278
chr1_10810317_C_T_combined,0.07068690095846646
chr1_10929582_A_G_combined,0.224241214057508
chr1_10609505_G_A_combined,0.2819488817891374
chr1_10803357_A_G_combined,0.24221246006389777
chr1_10957060_C_T_combined,0.008985623003194889
chr1_10068175_G_A_combined,0.04552715654952077
chr1_10937569_G_A_combined,0.034345047923322686
chr1_10924273_G_A_combined,0.20027955271565495
chr1_10643197_G_A_combined,0.18570287539936103
chr1_10106684_G_A_combined,0.014177316293929713
chr1_10403292_C_T_combined,0.0011980830670926517
chr1_10339355_T_C_combined,0.007388178913738019
chr1_10644149_G_A_combined,0.08865814696485623
chr1_11063043_T_C_combined,0.5858626198083067
chr1_10960746_T_C_combined,0.048722044728434506
chr1_10767785_T_C_combined,0.1763178913738019
chr1_11029942_G_A_combined,0.14257188498402557
chr1_10659333_T_G_combined,0.006389776357827476
chr1_10892498_C_T_combined,0.01697284345047923
chr1_10568140_C_T_combined,0.003594249201277955
chr1_10888171_G_A_combined,0.004193290734824281
chr1_10673094_C_T_combined,0.5926517571884984
chr1_10775383_T_C_combined,0.002595846645367412
chr1_10296364_A_C_combined,0.21445686900958466
chr1_10837378_C_T_combined,0.07967252396166134
chr1_10857670_C_T_combined,0.004792332268370607
chr1_10787538_C_T_combined,0.3168929712460064
chr1_10774856_A_G_combined,0.3498402555910543
chr1_10386823_A_G_combined,0.015175718849840255
chr1_11009703_C_T_combined,0.0692891373801917
chr1_10780727_A_G_combined,0.2657747603833866
chr1_10488314_A_G_combined,0.5744808306709265
chr1_10286176_G_A_combined,0.09824281150159744
chr1_10629562_G_A_combined,0.5904552715654952
chr1_10356960_C_T_combined,0.00019968051118210862
chr1_10865577_C_T_combined,0.13138977635782748
chr1_10556534_C_T_combined,0.005591054313099041
chr1_10874877_A_C_combined,0.39237220447284343
chr1_10880048_G_A_combined,0.28634185303514376
chr1_10793411_C_T_combined,0.04992012779552716
chr1_10237187_T_C_combined,0.006389776357827476
chr1_10484880_G_A_combined,0.040934504792332266
chr1_10285709_A_G_combined,0.516573482428115
chr1_10762349_C_T_combined,0.0994408945686901
chr1_10932629_G_A_combined,0.1042332268370607
chr1_10985691_G_A_combined,0.007388178913738019
chr1_10554125_C_T_combined,0.01757188498402556
chr1_10265606_G_A_combined,0.27935303514376997
chr1_10556097_G_A_combined,0.5447284345047924
chr1_10288598_C_T_combined,0.0013977635782747603
chr1_10569930_C_T_combined,0.09065495207667731
chr1_10713765_T_C_combined,0.5451277955271565
chr1_10992104_G_A_combined,0.36421725239616615
chr1_10874522_T_C_combined,0.6234025559105432
chr1_10902339_T_C_combined,0.004792332268370607
chr1_10935595_G_A_combined,0.05950479233226837
chr1_10864916_C_T_combined,0.043530351437699684
chr1_10862397_G_A_combined,0.0049920127795527154
chr1_10147999_C_T_combined,0.01178115015974441
chr1_10767379_G_A_combined,0.25559105431309903
chr1_10985068_A_G_combined,0.4311102236421725
chr1_11050459_A_C_combined,0.2036741214057508
chr1_10751153_C_T_combined,0.18610223642172524
chr1_10889280_G_T_combined,0.05770766773162939
chr1_10519768_C_G_combined,0.0059904153354632585
chr1_10242292_A_G_combined,0.006389776357827476
chr1_10473200_G_A_combined,0.04073482428115016
chr1_10485019_G_A_combined,0.49980031948881787
chr1_10705110_G_A_combined,0.032547923322683706
chr1_10888611_C_T_combined,0.005191693290734824
chr1_10852451_T_G_combined,0.0049920127795527154
chr1_10363664_G_T_combined,0.006589456869009584
chr1_10258180_C_T_combined,0.1757188498402556
chr1_10808415_G_A_combined,0.019768370607028754
chr1_11045724_C_T_combined,0.00718849840255591
chr1_10738871_C_T_combined,0.013578274760383386
chr1_10240094_C_T_combined,0.13278753993610223
chr1_10481478_T_C_combined,0.013178913738019169
chr1_10840054_C_T_combined,0.1343849840255591
chr1_11018754_C_T_combined,0.004792332268370607
chr1_10929009_G_A_combined,0.1391773162939297
chr1_10565488_C_T_combined,0.38698083067092653
chr1_242034263_A_G_PRS313_Known_combined,0.012579872204472844
chr1_242020392_C_T_combined,0.5505191693290735
chr1_242038713_G_A_combined,0.48242811501597443
chr1_242118789_C_T_combined,0.08047124600638977
chr1_242023898_A_G_combined,0.012579872204472844
chr1_242017973_G_A_combined,0.259185303514377
chr1_242070731_G_A_combined,0.20726837060702874
chr1_41380440_C_T_PRS313_Known_combined,0.6910942492012779
chr1_41370066_C_T_combined,0.18829872204472844
chr1_41552300_G_A_combined,0.10043929712460063
chr1_41879081_G_A_combined,0.1855031948881789
chr1_41387003_T_C_combined,0.6813099041533547
chr1_41404596_T_C_combined,0.30990415335463256
chr1_41624403_C_T_combined,0.007388178913738019
chr1_41402143_T_C_combined,0.6980830670926518
chr1_41320568_C_T_combined,0.20726837060702874
chr1_41395072_G_A_combined,0.27016773162939295
chr1_41399738_G_T_combined,0.37679712460063897
chr1_41412547_C_T_combined,0.24041533546325877
chr1_41378076_C_T_combined,0.2881389776357827
chr1_41374443_C_T_combined,0.2014776357827476
chr1_41442786_T_C_combined,0.3442492012779553
chr1_41425864_G_A_combined,0.2729632587859425
chr1_41447366_G_A_combined,0.1713258785942492
chr1_41441267_C_T_combined,0.382388178913738
chr1_41417958_G_A_combined,0.05411341853035144
chr1_41329623_A_G_combined,0.05251597444089457
chr1_41351613_C_T_combined,0.4622603833865815
chr1_41396274_C_T_combined,0.42192492012779553
chr1_41686253_C_T_combined,0.015575079872204472
chr1_41346080_A_G_combined,0.6908945686900958
chr1_41346862_G_A_combined,0.006988817891373802
chr1_41354681_C_T_combined,0.27336261980830673
chr1_217220574_G_A_PRS313_Known_combined,0.17052715654952078
chr1_217227826_G_A_combined,0.07068690095846646
chr1_217201404_T_C_combined,0.2102635782747604
chr1_217183535_T_C_combined,0.2817492012779553
chr1_217222233_A_C_combined,0.4692492012779553
chr1_217181009_A_G_combined,0.006789137380191693
chr1_217102472_A_G_combined,0.29333067092651754
chr1_217221158_A_C_combined,0.0075878594249201275
chr1_217180260_G_A_combined,0.5904552715654952
chr1_217234581_A_G_combined,0.008985623003194889
chr1_217108951_A_G_combined,0.1829073482428115
chr1_217237449_T_C_combined,0.18091054313099042
chr1_217206705_T_G_combined,0.196685303514377
chr1_217203091_C_A_combined,0.2965255591054313
chr1_217224210_T_C_combined,0.07987220447284345
chr1_217233432_C_A_combined,0.0786741214057508
chr1_217236895_T_G_combined,0.1855031948881789
chr1_217230015_C_T_combined,0.17771565495207667
chr1_217192021_T_C_combined,0.20287539936102236
chr1_155556971_G_A_PRS313_Unknown_combined,0.28115015974440893
chr1_155253495_G_A_combined,0.21365814696485624
chr1_155850558_T_C_combined,0.43390575079872207
chr1_155275095_G_A_combined,0.0049920127795527154
chr1_156421654_G_A_combined,0.8113019169329073
chr1_156122140_T_C_combined,0.09904153354632587
chr1_156181833_T_G_combined,0.09644568690095846
chr1_155148781_G_A_combined,0.42991214057507987
chr1_155311658_C_T_combined,0.0185702875399361
chr1_154709108_A_G_combined,0.04512779552715655
chr1_155947635_G_A_combined,0.011980830670926517
chr1_155108167_G_A_combined,0.005191693290734824
chr1_155205170_A_G_combined,0.025159744408945688
chr1_155722506_C_G_combined,0.14297124600638977
chr1_155007293_C_T_combined,0.5658945686900958
chr1_154855055_G_A_combined,0.05591054313099041
chr1_155132836_A_G_combined,0.509185303514377
chr1_155279482_T_G_combined,0.36940894568690097
chr1_156040310_A_G_combined,0.5311501597444089
chr1_154807935_G_A_combined,0.23023162939297126
chr1_154822551_C_T_combined,0.20926517571884984
chr1_155135036_G_A_combined,0.005391373801916933
chr1_155540660_T_G_combined,0.3929712460063898
chr1_155026114_C_T_combined,0.48282747603833864
chr1_154991389_T_C_combined,0.17531948881789136
chr1_155282829_A_G_combined,0.49161341853035145
chr1_155194980_T_C_combined,0.6226038338658147
chr1_155811448_G_A_combined,0.04792332268370607
chr1_156550254_T_C_combined,0.39456869009584666
chr1_154790504_C_A_combined,0.057907348242811504
chr1_155870416_G_A_combined,0.7797523961661342
chr1_155371119_A_C_combined,0.005191693290734824
chr1_156291026_C_T_combined,0.08666134185303515
chr1_155881835_C_T_combined,0.00579073482428115
chr1_154716883_T_C_combined,0.3851837060702875
chr1_155079477_C_T_combined,0.5365415335463258
chr1_156446242_C_A_combined,0.5710862619808307
chr1_155731085_C_A_combined,0.010782747603833865
chr1_156106863_C_T_combined,0.18230830670926518
chr1_154711297_A_G_combined,0.19608626198083068
chr1_155412037_C_T_combined,0.3895766773162939
chr1_155186729_T_C_combined,0.6238019169329073
chr1_154817573_T_C_combined,0.7154552715654952
chr1_154825270_T_G_combined,0.5902555910543131
chr1_156364720_G_A_combined,0.6132188498402555
chr1_154711080_T_A_combined,0.8005191693290735
chr1_156398574_A_C_combined,0.07607827476038338
chr1_154814268_G_C_combined,0.23502396166134185
chr1_156486061_A_G_combined,0.4516773162939297
chr1_154983539_C_T_combined,0.4582667731629393
chr1_155947875_A_G_combined,0.4488817891373802
chr1_155220390_G_A_combined,0.012380191693290734
chr1_154832290_C_T_combined,0.21465654952076677
chr1_155172725_T_C_combined,0.12659744408945686
chr1_154988255_C_A_combined,0.0049920127795527154
chr1_155978725_C_T_combined,0.39716453674121405
chr1_155095158_A_G_combined,0.6715255591054313
chr1_156062532_G_A_combined,0.4398961661341853
chr1_156071994_G_A_combined,0.37320287539936103
chr1_156386787_T_C_combined,0.18071086261980832
chr1_155878732_A_G_combined,0.35742811501597443
chr1_155927752_G_A_combined,0.3644169329073482
chr1_155806039_C_T_combined,0.0648961661341853
chr1_156526387_C_G_combined,0.3781948881789137
chr1_155823124_G_A_combined,0.006988817891373802
chr1_155031376_C_T_combined,0.4512779552715655
chr1_155738848_C_T_combined,0.009584664536741214
chr1_154772089_G_A_combined,0.4630591054313099
chr1_155206167_C_T_combined,0.0049920127795527154
chr1_154965113_G_T_combined,0.10103833865814696
chr1_156011444_T_C_combined,0.4331070287539936
chr1_155126948_T_C_combined,0.5065894568690096
chr1_155630752_A_G_combined,0.3384584664536741
chr1_155151493_C_T_combined,0.45507188498402557
chr1_156456301_C_T_combined,0.5720846645367412
chr1_156118893_G_T_combined,0.1393769968051118
chr1_156143471_G_A_combined,0.012779552715654952
chr1_156024373_A_G_combined,0.37679712460063897
chr1_155779031_G_T_combined,0.038538338658146966
chr1_155217643_C_T_combined,0.009584664536741214
chr1_155425858_C_T_combined,0.00579073482428115
chr1_156550968_A_C_combined,0.15135782747603835
chr1_154827078_T_G_combined,0.013578274760383386
chr1_155162067_C_T_combined,0.6287939297124601
chr1_154794318_T_C_combined,0.1855031948881789
chr1_155068748_C_A_combined,0.6807108626198083
chr1_155841177_A_G_combined,0.00579073482428115
chr1_156099669_T_G_combined,0.19768370607028754
chr1_156045662_A_G_combined,0.5704872204472844
chr1_155941703_T_C_combined,0.017971246006389777
chr1_154817687_C_T_combined,0.5668929712460063
chr1_155042886_T_G_combined,0.7222444089456869
chr1_156352012_G_A_combined,0.0810702875399361
chr1_155536738_G_A_combined,0.20686900958466453
chr1_155116151_C_T_combined,0.005191693290734824
chr1_155019710_A_C_combined,0.5545127795527156
chr1_156100739_T_C_combined,0.23083067092651757
chr1_156169610_A_G_combined,0.3819888178913738
chr1_154776886_G_A_combined,0.16333865814696485
chr1_154752930_T_G_combined,0.07807507987220447
chr1_155359992_T_C_combined,0.0049920127795527154
chr1_154726242_T_C_combined,0.597444089456869
chr1_154766100_C_T_combined,0.5904552715654952
chr1_156394481_C_T_combined,0.13338658146964857
chr1_155868625_G_A_combined,0.3795926517571885
chr1_154653632_A_G_combined,0.9181309904153354
chr1_155149718_G_A_combined,0.44588658146964855
chr1_156505061_C_T_combined,0.36661341853035145
chr1_156410691_A_G_combined,0.5225638977635783
chr1_154844742_C_T_combined,0.011381789137380192
chr1_155157445_G_A_combined,0.005191693290734824
chr1_155022810_A_C_combined,0.016573482428115016
chr1_154688197_C_T_combined,0.5345447284345048
chr1_201437832_C_T_PRS313_Known_combined,0.018170926517571885
chr1_201193613_C_T_combined,0.006190095846645367
chr1_201052310_A_T_combined,0.1271964856230032
chr1_201453417_C_T_combined,0.003194888178913738
chr1_201400088_G_T_combined,0.31110223642172524
chr1_201174215_C_A_combined,0.016773162939297124
chr1_201392063_G_A_combined,0.3081070287539936
chr1_201476815_G_T_combined,0.6136182108626198
chr1_201385118_G_A_combined,0.22104632587859424
chr1_202123626_G_A_combined,0.012380191693290734
chr1_201439473_A_G_combined,0.5489217252396166
chr1_201440012_C_T_combined,0.2783546325878594
chr1_201475727_A_C_combined,0.733426517571885
chr1_201486045_C_T_combined,0.014776357827476038
chr1_201449046_G_T_combined,0.41972843450479236
chr1_201370475_C_T_combined,0.8592252396166135
chr1_204502514_T_TTCTGAAACAGGG_PRS313_Unknown_combined,0.9279153354632588
chr1_205248799_T_C_combined,0.1255990415335463
chr1_204621425_T_G_combined,0.34924121405750796
chr1_203570113_A_G_combined,0.00718849840255591
chr1_204230052_A_G_combined,0.6295926517571885
chr1_204614475_A_G_combined,0.28115015974440893
chr1_204622064_C_A_combined,0.26118210862619806
chr1_205208948_G_A_combined,0.13797923322683706
chr1_205254238_G_A_combined,0.12599840255591055
chr1_204438643_G_T_combined,0.7272364217252396
chr1_204738360_A_G_combined,0.4580670926517572
chr1_204516025_A_G_combined,0.5393370607028753
chr1_204609194_A_G_combined,0.5435303514376997
chr1_204359597_T_C_combined,0.6148162939297125
chr1_204434326_A_G_combined,0.34165335463258784
chr1_205263122_G_A_combined,0.12300319488817892
chr1_205248370_C_A_combined,0.16114217252396165
chr1_204388533_C_T_combined,0.012979233226837061
chr1_203583705_A_G_combined,0.7376198083067093
chr1_204369875_T_G_combined,0.4936102236421725
chr1_205235990_G_A_combined,0.14636581469648563
chr1_205214792_C_T_combined,0.13777955271565495
chr1_204388877_G_A_combined,0.006988817891373802
chr1_205207512_T_C_combined,0.13817891373801916
chr1_204326597_T_G_combined,0.37639776357827476
chr1_205247097_T_G_combined,0.1253993610223642
chr1_205256818_C_T_combined,0.12400159744408945
chr1_205218425_C_A_combined,0.13757987220447285
chr1_205236069_G_A_combined,0.12819488817891375
chr1_204646295_G_A_combined,0.19488817891373802
chr1_204764279_A_G_combined,0.3540335463258786
chr1_205262271_G_A_combined,0.12300319488817892
chr1_204633043_G_A_combined,0.01018370607028754
chr1_205206495_C_T_combined,0.1385782747603834
chr1_204572071_G_A_combined,0.33266773162939295
chr1_204289107_C_T_combined,0.00579073482428115
chr1_205232447_C_T_combined,0.12599840255591055
chr1_204453320_C_T_combined,0.2821485623003195
chr1_205191801_A_G_combined,0.13718051118210864
chr1_203640627_C_T_combined,0.4468849840255591
chr1_204392257_G_A_combined,0.2819488817891374
chr1_203590045_C_T_combined,0.6345846645367412
chr1_204860968_G_A_combined,0.3913738019169329
chr1_205199440_C_T_combined,0.13797923322683706
chr1_203587538_G_T_combined,0.3608226837060703
chr1_204225946_G_A_combined,0.0059904153354632585
chr1_204537648_G_A_combined,0.7903354632587859
chr1_205268014_C_A_combined,0.12320287539936102
chr1_205265450_G_A_combined,0.13178913738019168
chr1_204965154_C_A_combined,0.10742811501597443
chr1_204511704_T_C_combined,0.14436900958466453
chr1_204828041_C_G_combined,0.19309105431309903
chr1_204403659_A_G_combined,0.4049520766773163
chr1_204527060_C_T_combined,0.7565894568690096
chr1_203571295_A_G_combined,0.6259984025559105
chr1_205179997_A_G_combined,0.15355431309904152
chr1_204426183_C_A_combined,0.0033945686900958465
chr1_204167467_T_C_combined,0.016174121405750797
chr1_204479082_T_C_combined,0.01018370607028754
chr1_205236432_C_T_combined,0.1255990415335463
chr1_205225457_G_A_combined,0.161741214057508
chr1_205028915_C_T_combined,0.21665335463258786
chr1_205201325_A_C_combined,0.17212460063897764
chr1_204732143_T_G_combined,0.10523162939297125
chr1_204831709_A_C_combined,0.007787539936102236
chr1_204416501_C_T_combined,0.2454073482428115
chr1_205023316_T_C_combined,0.4446884984025559
chr1_204560440_C_T_combined,0.22184504792332269
chr1_205261016_G_A_combined,0.12300319488817892
chr1_204947702_G_A_combined,0.10023961661341853
chr1_204745068_C_T_combined,0.003993610223642172
chr1_205031116_C_T_combined,0.5511182108626198
chr1_204491530_A_T_combined,0.010383386581469648
chr1_204579852_G_A_combined,0.0059904153354632585
chr1_205054406_C_T_combined,0.3029153354632588
chr1_204839154_T_G_combined,0.5317492012779552
chr1_203570807_T_C_combined,0.5726837060702875
chr1_205191202_T_G_combined,0.1369808306709265
chr1_204518842_C_A_combined,0.7859424920127795
chr1_204250126_G_A_combined,0.006589456869009584
chr1_205232299_C_T_combined,0.1255990415335463
chr1_205262337_G_A_combined,0.12300319488817892
chr1_204675178_G_A_combined,0.22144568690095848
chr1_205019488_A_C_combined,0.35523162939297126
chr1_204826475_C_T_combined,0.01437699680511182
chr1_205185104_C_T_combined,0.1367811501597444
chr1_204829234_G_A_combined,0.24900159744408945
chr1_205158561_G_T_combined,0.15355431309904152
chr1_204912843_G_A_combined,0.21385782747603835
chr1_204699500_A_G_combined,0.17751597444089456
chr1_205237137_T_C_combined,0.18430511182108625
chr1_204490470_A_G_combined,0.20207667731629392
chr1_204516577_A_G_combined,0.5271565495207667
chr1_204247749_G_A_combined,0.008386581469648562
chr1_205440751_A_G_combined,0.01457667731629393
chr1_204876966_T_G_combined,0.13158945686900958
chr1_204551830_T_C_combined,0.18869808306709265
chr1_205054114_A_G_combined,0.18190894568690097
chr1_204595899_C_T_combined,0.3266773162939297
chr1_205076203_C_T_combined,0.09305111821086262
chr1_205216573_G_A_combined,0.1367811501597444
chr1_205187981_G_A_combined,0.1367811501597444
chr1_204386265_A_G_combined,0.1505591054313099
chr1_205213962_G_A_combined,0.13797923322683706
chr1_203511905_C_T_combined,0.20087859424920126
chr1_203571766_T_G_combined,0.7541932907348243
chr1_204620293_A_G_combined,0.8039137380191693
chr1_203554848_T_G_combined,0.25
chr1_204776189_C_A_combined,0.4464856230031949
chr1_204854043_G_A_combined,0.004193290734824281
chr1_204648059_C_T_combined,0.006988817891373802
chr1_204936607_A_G_combined,0.15395367412140576
chr1_204632333_T_C_combined,0.37859424920127793
chr1_204842554_C_T_combined,0.013777955271565496
chr1_205268097_C_T_combined,0.12320287539936102
chr1_204436066_G_A_combined,0.2036741214057508
chr1_204068110_A_G_combined,0.26357827476038337
chr1_172328767_T_TA_PRS313_Unknown_combined,0.32288338658146964
chr1_173173820_T_C_combined,0.26118210862619806
chr1_172668340_T_C_combined,0.6140175718849841
chr1_173121587_T_C_combined,0.17711661341853036
chr1_172615395_C_T_combined,0.5135782747603834
chr1_173297704_C_A_combined,0.5065894568690096
chr1_172031451_T_C_combined,0.1389776357827476
chr1_172256116_T_C_combined,0.6908945686900958
chr1_172884872_T_G_combined,0.5443290734824281
chr1_172352990_G_A_combined,0.5181709265175719
chr1_172599878_G_C_combined,0.7589856230031949
chr1_172312769_G_A_combined,0.47823482428115016
chr1_173156292_T_C_combined,0.4215255591054313
chr1_172633975_G_C_combined,0.6058306709265175
chr1_172439399_G_A_combined,0.019568690095846646
chr1_172450689_T_G_combined,0.7404153354632588
chr1_172019718_C_T_combined,0.32328274760383385
chr1_172188072_A_C_combined,0.07108626198083066
chr1_172730160_T_C_combined,0.28753993610223644
chr1_171725411_A_G_combined,0.09644568690095846
chr1_172364712_A_G_combined,0.28514376996805113
chr1_172845697_G_A_combined,0.0994408945686901
chr1_172346548_G_A_combined,0.5181709265175719
chr1_172680465_T_C_combined,0.520367412140575
chr1_172410967_G_A_combined,0.45427316293929715
chr1_173049073_G_A_combined,0.7811501597444089
chr1_172426998_T_G_combined,0.48801916932907347
chr1_172186729_G_A_combined,0.4225239616613419
chr1_172355132_G_A_combined,0.6859025559105432
chr1_172654377_G_A_combined,0.3035143769968051
chr1_172359116_A_G_combined,0.5181709265175719
chr1_172302258_C_T_combined,0.4634584664536741
chr1_171960993_C_T_combined,0.3270766773162939
chr1_172199573_T_G_combined,0.39476837060702874
chr1_172362949_G_T_combined,0.6837060702875399
chr1_173196220_T_G_combined,0.11521565495207668
chr1_172936846_A_G_combined,0.3596246006389776
chr1_173131908_T_C_combined,0.3895766773162939
chr1_172156886_A_G_combined,0.4646565495207668
chr1_171576573_G_T_combined,0.21785143769968052
chr1_172936702_A_C_combined,0.6192092651757188
chr1_172458743_T_C_combined,0.4978035143769968
chr1_173153442_C_A_combined,0.17891373801916932
chr1_172814855_T_C_combined,0.5403354632587859
chr1_172366806_A_G_combined,0.5299520766773163
chr1_172419651_T_G_combined,0.3109025559105431
chr1_172853460_C_T_combined,0.44089456869009586
chr1_171451621_C_T_combined,0.15694888178913738
chr1_172316842_G_A_combined,0.1319888178913738
chr1_171934790_G_A_combined,0.06070287539936102
chr1_173312501_T_G_combined,0.2593849840255591
chr1_173164565_C_T_combined,0.26996805111821087
chr1_173102794_G_A_combined,0.12300319488817892
chr1_172632057_A_G_combined,0.6880990415335463
chr1_172627498_C_T_combined,0.5303514376996805
chr1_172464519_T_G_combined,0.8282747603833865
chr1_121287994_A_G_PRS313_Unknown_combined,0.14037539936102236
chr1_120687115_G_A_combined,0.9061501597444089
chr1_120690218_C_T_combined,0.8921725239616614
chr1_121280485_A_G_combined,0.004792332268370607
chr1_120689085_C_T_combined,0.9129392971246006
chr1_121137155_A_G_combined,0.0027955271565495207
chr1_120405606_T_C_combined,0.009584664536741214
