RS_Number,Coord,Alleles,MAF,Distance,Dprime,R2,Correlated_Alleles,FORGEdb,RegulomeDB,Function
rs34134147,chr22:29203724,(C/T),0.0084,0,1.0,1.0,"C=C,T=T",9.0,2b,
rs62235734,chr22:29204668,(C/T),0.0084,944,1.0,1.0,"C=C,T=T",9.0,3a,
rs4822992,chr22:29268721,(G/A),0.0084,64997,0.976,0.9526,"C=G,T=A",8.0,5,
rs13056576,chr22:29351381,(G/A),0.0082,147657,0.9754,0.9286,"C=G,T=A",6.0,7,
rs62235753,chr22:29272637,(C/T),0.0072,68913,1.0,0.8561,"C=C,T=T",5.0,5,
rs62236878,chr22:29440144,(G/T),0.0086,236420,0.8799,0.7561,"C=G,T=T",8.0,4,
rs62236882,chr22:29453995,(A/G),0.0092,250271,0.8798,0.7062,"C=A,T=G",4.0,7,
rs71194784,chr22:29077631,(-/A),0.0082,-126093,0.8278,0.6688,"C=-,T=A",,.,
rs149936356,chr22:28928858,(A/C),0.0092,-274866,0.8558,0.6682,"C=A,T=C",4.0,7,
rs35313550,chr22:28769172,(C/T),0.0096,-434552,0.8558,0.64,"C=C,T=T",6.0,5,
rs13054095,chr22:29406219,(A/T),0.0078,202495,0.7931,0.5838,"C=A,T=T",6.0,4,
rs140247226,chr22:28927878,(T/C),0.0122,-275846,0.8554,0.5019,"C=T,T=C",2.0,6,
rs17885505,chr22:29107393,(-/A),0.0164,-96331,0.9032,0.4144,"C=-,T=A",,.,
rs34671303,chr22:29445468,(C/T),0.0038,241744,0.9469,0.4038,"C=C,T=T",7.0,.,synonymous
rs147147203,chr22:28925406,(C/A),0.0192,-278318,0.8544,0.3159,"C=C,T=A",2.0,7,
rs62235681,chr22:29080731,(A/G),0.0024,-122993,1.0,0.284,"C=A,T=G",,.,
rs62237615,chr22:28739115,(T/G),0.0024,-464609,1.0,0.284,"C=T,T=G",4.0,.,
rs185342886,chr22:29241523,(C/T),0.0018,37799,1.0,0.2129,"C=C,T=T",4.0,.,
rs132289,chr22:29551872,(A/G),0.0036,348148,0.6078,0.1576,"C=G,T=A",5.0,6,
rs62236922,chr22:29491496,(G/T),0.0268,287772,0.7064,0.1535,"C=G,T=T",7.0,3b,
rs8135766,chr22:29539647,(G/A),0.0188,335923,0.5875,0.1526,"C=G,T=A",4.0,5,
rs132365,chr22:29599486,(G/C),0.0026,395762,0.6897,0.1464,"C=C,T=G",8.0,.,
rs132383,chr22:29613520,(A/C),0.0026,409796,0.6897,0.1464,"C=C,T=A",10.0,.,
rs186430430,chr22:29103598,(T/C),0.001,-100126,1.0,0.1182,"C=T,T=C",5.0,.,
rs1555913934,chr22:29091856,(G/-),0.001,-111868,1.0,0.1182,"C=G,T=-",,.,frameshift
rs62237617,chr22:28761148,(C/T),0.001,-442576,1.0,0.1182,"C=C,T=T",3.0,.,
rs570520749,chr22:29019325,(A/C),0.0008,-184399,1.0,0.0945,,,.,
rs118156940,chr22:29426179,(G/C),0.0008,222455,1.0,0.0945,,6.0,.,
rs182528402,chr22:28848791,(A/G),0.0008,-354933,1.0,0.0945,,4.0,.,
rs13057257,chr22:28727106,(C/T),0.0018,-476618,0.6638,0.0938,,5.0,.,
rs192175691,chr22:29396574,(C/T),0.002,192850,0.5966,0.0842,,6.0,.,
rs117561294,chr22:29554838,(C/T),0.01,351114,0.3026,0.0768,,6.0,5,
rs117384484,chr22:29553253,(G/C),0.0104,349529,0.3023,0.0737,,7.0,5,
rs7285508,chr22:29553770,(C/T),0.0104,350046,0.3023,0.0737,,8.0,3a,
rs117170432,chr22:29553969,(A/C),0.0104,350245,0.3023,0.0737,,8.0,2b,
rs145412163,chr22:29554460,(T/C),0.0104,350736,0.3023,0.0737,,8.0,5,
rs140551986,chr22:29107858,(G/A),0.0006,-95866,1.0,0.0709,,8.0,.,
rs568174115,chr22:29599447,(G/T),0.0006,395723,1.0,0.0709,,,.,
rs141100940,chr22:28719636,(A/G),0.0006,-484088,1.0,0.0709,,2.0,.,
rs62235748,chr22:29249155,(A/G),0.1086,45431,1.0,0.0694,,,3b,
rs12484277,chr22:29145116,(G/A),0.1116,-58608,1.0,0.0673,,8.0,4,
rs7285332,chr22:29553673,(C/T),0.0114,349949,0.3016,0.0668,,7.0,4,
rs149365562,chr22:29546266,(-/TCT),0.016,342542,0.3467,0.0626,,,.,
rs5762962,chr22:29452281,(G/A),0.0952,248557,0.8684,0.0606,,6.0,7,
rs144177000,chr22:28933294,(A/C),0.1072,-270430,0.92,0.0596,,4.0,6,
rs141130503,chr22:29557327,(G/C),0.014,353603,0.2997,0.0536,,4.0,6,
rs539113211,chr22:28813201,(C/G),0.0008,-390523,0.7479,0.0529,,,.,
rs150501028,chr22:28927147,(G/A),0.139,-276577,0.9723,0.0495,,4.0,5,
rs141635050,chr22:28927111,(G/A),0.139,-276613,0.9723,0.0495,,4.0,5,
rs148417209,chr22:28927105,(C/T),0.139,-276619,0.9723,0.0495,,4.0,5,
rs17503350,chr22:28803391,(T/C),0.1414,-400333,0.9723,0.0486,,6.0,4,
rs572173280,chr22:29150075,(C/T),0.0004,-53649,1.0,0.0472,,,.,
rs549542850,chr22:29136650,(A/G),0.0004,-67074,1.0,0.0472,,,.,
rs551537474,chr22:29273001,(T/G),0.0004,69277,1.0,0.0472,,,.,
rs530273246,chr22:29278940,(C/T),0.0004,75216,1.0,0.0472,,1.0,.,
rs543337333,chr22:29344609,(C/G),0.0004,140885,1.0,0.0472,,,.,
rs558776855,chr22:29027440,(A/G),0.0004,-176284,1.0,0.0472,,,.,
rs145598156,chr22:29416402,(C/T),0.0004,212678,1.0,0.0472,,4.0,.,
rs529504323,chr22:28976385,(A/T),0.0004,-227339,1.0,0.0472,,,.,
rs62236881,chr22:29450193,(G/A),0.0004,246469,1.0,0.0472,,6.0,.,
rs542113794,chr22:29528825,(A/G),0.0004,325101,1.0,0.0472,,,.,
rs542144337,chr22:28876113,(G/A),0.0004,-327611,1.0,0.0472,,,.,
rs139617219,chr22:28845296,(G/A),0.0004,-358428,1.0,0.0472,,4.0,.,
rs140053014,chr22:29550678,(TTCCA/-),0.016,346954,0.2983,0.0464,,,.,
rs76995535,chr22:29637888,(G/A),0.0108,434164,0.2298,0.041,,4.0,5,
rs5752843,chr22:29353454,(G/A),0.1214,149730,0.8103,0.0402,,4.0,7,
rs1303845,chr22:28722535,(T/C),0.1709,-481189,0.9713,0.0387,,7.0,5,
rs145833995,chr22:28932204,(A/T),0.1717,-271520,0.9713,0.0385,,,6,
rs77604554,chr22:29546361,(G/A),0.0256,342637,0.3403,0.0373,,10.0,4,
rs6005992,chr22:29500876,(C/T),0.1072,297152,0.68,0.0326,,5.0,5,
rs134546,chr22:28800977,(T/-),0.1979,-402747,0.9703,0.0323,,2.0,.,
rs134543,chr22:28797318,(C/T),0.1987,-406406,0.9703,0.0321,,6.0,4,
rs5762700,chr22:28980014,(T/G),0.1542,-223710,0.8311,0.0321,,,5,
rs134499,chr22:28738568,(-/A),0.2013,-465156,0.9702,0.0316,,6.0,.,
rs5752846,chr22:29367892,(C/T),0.1254,164168,0.7278,0.0312,,5.0,5,
rs544562143,chr22:29098289,(C/T),0.0006,-105435,0.6638,0.0312,,,.,
rs538821477,chr22:28982474,(A/C),0.0006,-221250,0.6638,0.0312,,,.,
rs192494996,chr22:29518968,(A/G),0.0006,315244,0.6638,0.0312,,4.0,.,
rs118014475,chr22:28762519,(T/C),0.0006,-441205,0.6638,0.0312,,4.0,.,
rs11336895,chr22:28885291,(A/-),0.2049,-318433,0.9701,0.0309,,,.,
rs2346867,chr22:28969353,(A/G),0.2067,-234371,0.97,0.0305,,4.0,5,
rs134541,chr22:28795263,(G/A),0.2085,-408461,0.9699,0.0302,,6.0,4,
rs34593692,chr22:28966048,(T/C),0.2099,-237676,0.9699,0.03,,5.0,4,
rs132281,chr22:29542748,(C/A),0.0174,339024,0.2489,0.0296,,7.0,6,
rs695797,chr22:28849749,(G/A),0.2137,-353975,0.9697,0.0293,,8.0,6,
rs4035540,chr22:29087041,(T/C),0.2179,-116683,0.9696,0.0285,,4.0,4,
rs6005835,chr22:29075319,(G/C),0.2218,-128405,0.9694,0.0279,,10.0,4,
rs4820791,chr22:29098576,(C/G),0.2238,-105148,0.9693,0.0276,,5.0,5,
rs469982,chr22:29552155,(T/C),0.0186,348431,0.2479,0.0275,,7.0,5,
rs134500,chr22:28740583,(C/T),0.2278,-463141,0.9692,0.0269,,7.0,7,
rs6005859,chr22:29147551,(C/T),0.2406,-56173,1.0,0.0267,,4.0,7,
rs1125250,chr22:28984447,(G/T),0.231,-219277,0.969,0.0264,,6.0,7,
rs695625,chr22:28814890,(A/G),0.2316,-388834,0.969,0.0263,,7.0,5,
rs5997447,chr22:29529148,(A/G),0.0901,325424,0.5552,0.0263,,4.0,5,
rs695659,chr22:28871070,(A/G),0.2322,-332654,0.969,0.0263,,4.0,7,
rs695762,chr22:28886116,(A/G),0.2328,-317608,0.969,0.0262,,4.0,7,
rs134548,chr22:28802478,(G/A),0.2352,-401246,0.9689,0.0258,,7.0,5,
rs695439,chr22:28855023,(A/G),0.236,-348701,0.9688,0.0257,,6.0,5,
rs8138092,chr22:29548803,(A/G),0.0272,345079,0.2902,0.0255,,10.0,2b,
rs134526,chr22:28774710,(T/C),0.2372,-429014,0.9688,0.0255,,6.0,7,
rs134489,chr22:28729767,(A/T),0.2376,-473957,0.9688,0.0255,,6.0,5,
rs695591,chr22:28811329,(C/T),0.2378,-392395,0.9688,0.0254,,6.0,7,
rs8140704,chr22:29577015,(T/A),0.0236,373291,0.2685,0.0253,,5.0,5,
rs1018512,chr22:29002083,(G/T),0.2462,-201641,0.9684,0.0243,,,5,
rs553361774,chr22:29220635,(G/A),0.0002,16911,1.0,0.0236,,1.0,.,
rs185320283,chr22:29186066,(A/G),0.0002,-17658,1.0,0.0236,,6.0,.,
rs186322466,chr22:29179229,(A/T),0.0002,-24495,1.0,0.0236,,3.0,.,
rs567164382,chr22:29237763,(C/A),0.0002,34039,1.0,0.0236,,1.0,.,
rs544641936,chr22:29237957,(C/T),0.0002,34233,1.0,0.0236,,,.,
rs537214592,chr22:29165682,(A/G),0.0002,-38042,1.0,0.0236,,,.,
rs550982053,chr22:29160917,(G/C),0.0002,-42807,1.0,0.0236,,,.,
rs537036556,chr22:29138323,(C/T),0.0002,-65401,1.0,0.0236,,,.,
rs577251440,chr22:29276588,(A/C),0.0002,72864,1.0,0.0236,,,.,
rs560148345,chr22:29281771,(A/G),0.0002,78047,1.0,0.0236,,,.,
rs546051837,chr22:29125488,(G/A),0.0002,-78236,1.0,0.0236,,1.0,.,
rs571872017,chr22:29112897,(T/G),0.0002,-90827,1.0,0.0236,,,.,
rs189050913,chr22:29296609,(A/G),0.0002,92885,1.0,0.0236,,4.0,.,
rs529066874,chr22:29301494,(T/G),0.0002,97770,1.0,0.0236,,,.,
rs187879344,chr22:29098427,(C/T),0.0002,-105297,1.0,0.0236,,3.0,.,
rs141051482,chr22:29314497,(C/T),0.0002,110773,1.0,0.0236,,8.0,.,
rs541572651,chr22:29069190,(G/A),0.0002,-134534,1.0,0.0236,,1.0,.,
rs189204542,chr22:29068512,(T/C),0.0002,-135212,1.0,0.0236,,3.0,.,
rs530531473,chr22:29338997,(T/G),0.0002,135273,1.0,0.0236,,,.,
rs566520553,chr22:29065601,(G/T),0.0002,-138123,1.0,0.0236,,1.0,.,
rs550510625,chr22:29348886,(A/G),0.0002,145162,1.0,0.0236,,,.,
rs565756142,chr22:29043170,(T/C),0.0002,-160554,1.0,0.0236,,,.,
rs538950143,chr22:29041488,(G/A),0.0002,-162236,1.0,0.0236,,,.,
rs528139766,chr22:29377800,(C/T),0.0002,174076,1.0,0.0236,,,.,
rs528800753,chr22:29378606,(G/T),0.0002,174882,1.0,0.0236,,1.0,.,
rs551953808,chr22:29379958,(C/T),0.0002,176234,1.0,0.0236,,1.0,.,
rs186951204,chr22:29380331,(A/G),0.0002,176607,1.0,0.0236,,8.0,.,
rs555460470,chr22:29023296,(C/A),0.0002,-180428,1.0,0.0236,,,.,
rs539718435,chr22:29386349,(A/C),0.0002,182625,1.0,0.0236,,,.,
rs564125755,chr22:29019634,(C/T),0.0002,-184090,1.0,0.0236,,,.,
rs543697294,chr22:29008242,(A/T),0.0002,-195482,1.0,0.0236,,,.,
rs556870813,chr22:28984778,(T/C),0.0002,-218946,1.0,0.0236,,,.,
rs140979129,chr22:28982794,(T/C),0.0002,-220930,1.0,0.0236,,2.0,.,
rs527421797,chr22:28980071,(G/A),0.0002,-223653,1.0,0.0236,,,.,
rs533784665,chr22:28978133,(T/C),0.0002,-225591,1.0,0.0236,,,.,
rs557497611,chr22:28976182,(C/G),0.0002,-227542,1.0,0.0236,,,.,
rs188545218,chr22:29435206,(G/A),0.0002,231482,1.0,0.0236,,8.0,.,
rs541228806,chr22:29435648,(A/G),0.0002,231924,1.0,0.0236,,,.,
rs149521034,chr22:29449492,(C/T),0.0002,245768,1.0,0.0236,,6.0,.,
rs551990256,chr22:29457176,(T/C),0.0002,253452,1.0,0.0236,,,.,
rs557394680,chr22:28949716,(C/T),0.0002,-254008,1.0,0.0236,,1.0,.,
rs573252295,chr22:29458549,(G/A),0.0002,254825,1.0,0.0236,,,.,
rs576675328,chr22:29477315,(C/G),0.0002,273591,1.0,0.0236,,,.,
rs562530091,chr22:28913935,(G/T),0.0002,-289789,1.0,0.0236,,,.,
rs182755010,chr22:29500472,(A/C),0.0002,296748,1.0,0.0236,,6.0,.,
rs560919322,chr22:28898926,(C/T),0.0002,-304798,1.0,0.0236,,,.,
rs180852664,chr22:29513112,(G/A),0.0002,309388,1.0,0.0236,,5.0,.,
rs559623527,chr22:28885319,(G/A),0.0002,-318405,1.0,0.0236,,1.0,.,
rs556048605,chr22:29531571,(G/A),0.0002,327847,1.0,0.0236,,1.0,.,
rs567152292,chr22:29536879,(A/G),0.0002,333155,1.0,0.0236,,,.,
rs574369609,chr22:28868421,(G/T),0.0002,-335303,1.0,0.0236,,1.0,.,
rs568494115,chr22:29541458,(G/A),0.0002,337734,1.0,0.0236,,1.0,.,
rs568646538,chr22:29541939,(G/A),0.0002,338215,1.0,0.0236,,,.,
rs529039021,chr22:28861740,(A/G),0.0002,-341984,1.0,0.0236,,,.,
rs564134805,chr22:29546352,(T/G),0.0002,342628,1.0,0.0236,,1.0,.,
rs545247177,chr22:29574455,(C/A),0.0002,370731,1.0,0.0236,,,.,
rs572957959,chr22:29579551,(T/C),0.0002,375827,1.0,0.0236,,,.,
rs566944329,chr22:29602477,(C/T),0.0002,398753,1.0,0.0236,,1.0,.,
rs569073635,chr22:28804734,(A/G),0.0002,-398990,1.0,0.0236,,,.,
rs567719824,chr22:29603747,(G/A),0.0002,400023,1.0,0.0236,,1.0,.,
rs558902833,chr22:28794565,(T/G),0.0002,-409159,1.0,0.0236,,,.,
rs548281969,chr22:28794190,(C/A),0.0002,-409534,1.0,0.0236,,,.,
rs534822261,chr22:29613529,(C/T),0.0002,409805,1.0,0.0236,,1.0,.,
rs531158353,chr22:29614554,(T/C),0.0002,410830,1.0,0.0236,,1.0,.,
rs540191579,chr22:29614925,(G/T),0.0002,411201,1.0,0.0236,,,.,
rs575447064,chr22:29615665,(G/C),0.0002,411941,1.0,0.0236,,1.0,.,
rs566953808,chr22:29616117,(T/G),0.0002,412393,1.0,0.0236,,,.,
rs550468396,chr22:29618502,(C/T),0.0002,414778,1.0,0.0236,,,.,
rs532662202,chr22:29624293,(C/T),0.0002,420569,1.0,0.0236,,,.,
rs535941552,chr22:28782412,(C/G),0.0002,-421312,1.0,0.0236,,,.,
rs552670180,chr22:28779328,(G/A),0.0002,-424396,1.0,0.0236,,,.,
rs550361400,chr22:28772983,(A/T),0.0002,-430741,1.0,0.0236,,,.,
rs563149602,chr22:29650870,(C/A),0.0002,447146,1.0,0.0236,,1.0,.,
rs562403038,chr22:28750214,(C/T),0.0002,-453510,1.0,0.0236,,,.,
rs546554792,chr22:28747608,(T/C),0.0002,-456116,1.0,0.0236,,1.0,.,
rs536641258,chr22:29661818,(G/A),0.0002,458094,1.0,0.0236,,,.,
rs560505367,chr22:28732034,(G/A),0.0002,-471690,1.0,0.0236,,,.,
rs181832089,chr22:28731788,(T/A),0.0002,-471936,1.0,0.0236,,4.0,.,
rs566677404,chr22:28730292,(A/T),0.0002,-473432,1.0,0.0236,,,.,
rs544415322,chr22:29677369,(T/G),0.0002,473645,1.0,0.0236,,,.,
rs572970113,chr22:29681044,(G/T),0.0002,477320,1.0,0.0236,,,.,
rs190728018,chr22:28725439,(C/T),0.0002,-478285,1.0,0.0236,,5.0,.,
rs561971655,chr22:29682746,(A/G),0.0002,479022,1.0,0.0236,,,.,
rs573829984,chr22:28712415,(T/G),0.0002,-491309,1.0,0.0236,,,.,
rs201124451,chr22:29695865,(G/A),0.0002,492141,1.0,0.0236,,1.0,.,
rs568450552,chr22:28704448,(A/G),0.0002,-499276,1.0,0.0236,,,.,
rs3841692,chr22:29130347,(-/T),0.2304,-73377,0.9072,0.0232,,2.0,.,
rs2078555,chr22:29110759,(C/G),0.2566,-92965,0.968,0.023,,6.0,5,
rs5752785,chr22:29146503,(G/A),0.274,-57221,1.0,0.0224,,9.0,4,
rs12628239,chr22:29096361,(G/A),0.2638,-107363,0.9677,0.0221,,6.0,7,
rs4820792,chr22:29161007,(C/T),0.2774,-42717,1.0,0.022,,8.0,2b,
rs12484112,chr22:29527584,(A/G),0.1046,323860,0.5479,0.0217,,2.0,6,
rs6005837,chr22:29090481,(G/C),0.2722,-113243,0.9673,0.0212,,7.0,5,
rs134530,chr22:28782187,(C/T),0.2742,-421537,0.9672,0.0209,,5.0,7,
rs5752788,chr22:29149625,(G/A),0.2879,-54099,1.0,0.0209,,5.0,5,
rs78411830,chr22:29151018,(A/G),0.2891,-52706,1.0,0.0208,,5.0,5,
rs134491,chr22:28730876,(G/C),0.2778,-472848,0.967,0.0206,,4.0,6,
rs134551,chr22:28807625,(C/T),0.2802,-396099,0.9669,0.0203,,7.0,3a,
rs695272,chr22:28856760,(T/C),0.2817,-346964,0.9669,0.0202,,5.0,3a,
rs714191,chr22:29145411,(T/C),0.2971,-58313,1.0,0.02,,8.0,2c,
rs4822983,chr22:29115066,(C/T),0.2851,-88658,0.9667,0.0198,,7.0,5,
rs6005840,chr22:29101357,(A/G),0.2851,-102367,0.9667,0.0198,,6.0,6,
rs5752774,chr22:29105610,(C/T),0.2873,-98114,0.9666,0.0196,,5.0,5,
rs11366831,chr22:29494173,(A/-),0.1617,290449,0.6592,0.019,,,.,
rs134507,chr22:28753833,(G/A),0.2939,-449891,0.9663,0.019,,8.0,5,
rs5762766,chr22:29135889,(T/C),0.3095,-67835,1.0,0.0189,,7.0,3a,
rs2346397,chr22:28886805,(C/T),0.3003,-316919,0.966,0.0184,,6.0,7,
rs695796,chr22:28869432,(C/T),0.3057,-334292,0.9657,0.0179,,7.0,4,
rs132386,chr22:29618000,(G/A),0.023,414276,0.2202,0.0174,,6.0,5,
rs1547014,chr22:29100711,(T/C),0.3133,-103013,0.9653,0.0173,,8.0,2b,
rs132382,chr22:29612736,(G/A),0.0232,409012,0.22,0.0173,,8.0,4,
rs6005812,chr22:28949471,(G/A),0.3141,-254253,0.9653,0.0172,,6.0,6,
rs6005795,chr22:28916924,(C/T),0.3151,-286800,0.9652,0.0171,,5.0,5,
rs5752775,chr22:29107195,(G/A),0.3153,-96529,0.9652,0.0171,,8.0,4,
rs132380,chr22:29610332,(T/C),0.0234,406608,0.2199,0.0171,,8.0,2b,
rs5752773,chr22:29105415,(G/C),0.3157,-98309,0.9652,0.0171,,6.0,5,
rs28592225,chr22:29283225,(T/A),0.3319,79501,1.0,0.017,,,4,
rs5752776,chr22:29108229,(A/G),0.3177,-95495,0.9651,0.0169,,8.0,2a,
rs695536,chr22:28898464,(-/A),0.3181,-305260,0.9651,0.0169,,,.,
rs2017309,chr22:29131426,(T/A),0.2927,-72298,0.899,0.0165,,4.0,3a,
rs1986052,chr22:28983595,(T/A),0.3251,-220129,0.9647,0.0163,,7.0,7,
rs132391,chr22:29621861,(T/C),0.0244,418137,0.2191,0.0163,,10.0,2b,
rs531274182,chr22:29111384,(-/TTTTATTTATTTATTTATTTATTTA),0.3331,-92340,0.9643,0.0157,,,.,
rs132390,chr22:29621477,(C/T),0.0256,417753,0.2181,0.0153,,10.0,2a,
rs5762694,chr22:28964906,(A/G),0.3522,-238818,0.9632,0.0144,,5.0,7,
rs5762629,chr22:28845279,(A/G),0.356,-358445,0.963,0.0142,,6.0,5,
rs34208241,chr22:28997765,(-/AC),0.2943,-205959,0.8313,0.014,,,.,
rs134538,chr22:28787947,(C/T),0.3594,-415777,0.9628,0.014,,2.0,7,
rs9613667,chr22:29127412,(A/C),0.3598,-76312,0.9628,0.0139,,5.0,5,
rs5762680,chr22:28945515,(T/A),0.3608,-258209,0.9627,0.0139,,6.0,5,
rs5997433,chr22:29429369,(A/C),0.3472,225645,0.927,0.0137,,7.0,6,
rs4490290,chr22:29102117,(T/C),0.3646,-101607,0.9625,0.0137,,4.0,3a,
rs5762752,chr22:29100977,(C/G),0.3656,-102747,0.9625,0.0136,,7.0,7,
rs5762753,chr22:29100985,(G/C),0.3674,-102739,0.9624,0.0135,,6.0,7,
rs1972202,chr22:29100564,(A/G),0.3688,-103160,0.9623,0.0134,,6.0,4,
rs134655,chr22:29487725,(C/G),0.2875,284001,0.7995,0.0134,,6.0,5,
rs1807603,chr22:28816720,(A/T),0.3694,-387004,0.9622,0.0134,,5.0,6,
rs134597,chr22:29471323,(A/G),0.2879,267599,0.7994,0.0134,,8.0,2b,
rs743184,chr22:29102967,(G/A),0.3696,-100757,0.9622,0.0134,,7.0,4,
rs572531353,chr22:29183196,(T/C),0.0052,-20528,0.1467,0.0133,,1.0,.,
rs2231398,chr22:29656389,(G/T),0.1713,452665,0.569,0.0132,,6.0,4,synonymous
rs866065083,chr22:29126252,(-/AGGAGGGGAGAGAAGAGGAGAGGAGAAGAGAGTGGAAGGGAA),0.3413,-77472,0.8916,0.013,,,.,
rs139282856,chr22:29036555,(-/AAT),0.395,-167169,1.0,0.013,,,.,
rs5762716,chr22:29007645,(G/C),0.3846,-196079,0.9613,0.0125,,4.0,6,
rs5762749,chr22:29091037,(G/C),0.3854,-112687,0.9613,0.0125,,7.0,4,
rs134545,chr22:28799080,(T/C),0.3854,-404644,0.9613,0.0125,,7.0,5,
rs5762660,chr22:28893208,(G/T),0.3864,-310516,0.9612,0.0124,,6.0,7,
rs134593,chr22:29468155,(C/T),0.3015,264431,0.7955,0.0124,,8.0,4,
rs9608723,chr22:29454029,(A/G),0.3514,250305,0.8899,0.0124,,5.0,6,
rs5762746,chr22:29088123,(T/C),0.3886,-115601,0.9611,0.0123,,5.0,5,
rs5752870,chr22:29519142,(C/T),0.3195,315418,0.8251,0.0123,,7.0,6,
rs1807477,chr22:29089095,(C/A),0.3892,-114629,0.961,0.0123,,6.0,2b,
rs5762760,chr22:29123846,(T/A),0.3902,-79878,0.961,0.0122,,7.0,5,
rs134566,chr22:29463089,(C/T),0.3257,259365,0.8235,0.0119,,6.0,6,
rs4823007,chr22:29452278,(A/G),0.3782,248554,0.9234,0.0119,,6.0,7,
rs5762741,chr22:29072917,(T/C),0.3988,-130807,0.9604,0.0118,,6.0,4,
rs5762665,chr22:28903360,(A/G),0.4006,-300364,0.9603,0.0117,,6.0,7,
rs2145161,chr22:29044360,(A/G),0.4008,-159364,0.9603,0.0117,,7.0,5,
rs548934343,chr22:29237762,(G/A),0.0004,34038,0.4958,0.0116,,1.0,.,
rs541886699,chr22:29151267,(G/A),0.0004,-52457,0.4958,0.0116,,,.,
rs538865280,chr22:29275594,(A/G),0.0004,71870,0.4958,0.0116,,,.,
rs184670231,chr22:29092287,(T/C),0.0004,-111437,0.4958,0.0116,,5.0,.,
rs556577410,chr22:29044474,(T/C),0.0004,-159250,0.4958,0.0116,,,.,
rs557707585,chr22:28975670,(G/A),0.0004,-228054,0.4958,0.0116,,,.,
rs572467417,chr22:29482696,(G/A),0.0004,278972,0.4958,0.0116,,1.0,.,
rs550797338,chr22:29486472,(T/C),0.0004,282748,0.4958,0.0116,,1.0,.,
rs570156573,chr22:29578167,(T/A),0.0004,374443,0.4958,0.0116,,,.,
rs546743914,chr22:29606734,(C/A),0.0004,403010,0.4958,0.0116,,1.0,.,
rs554500566,chr22:29623902,(T/G),0.0004,420178,0.4958,0.0116,,1.0,.,
rs185405504,chr22:29652750,(G/A),0.0004,449026,0.4958,0.0116,,5.0,.,
rs558998407,chr22:29666170,(T/A),0.0004,462446,0.4958,0.0116,,,.,
rs539023249,chr22:29676662,(G/A),0.0004,472938,0.4958,0.0116,,,.,
rs186174290,chr22:29679222,(C/T),0.0004,475498,0.4958,0.0116,,4.0,.,
rs548706828,chr22:29697500,(A/G),0.0004,493776,0.4958,0.0116,,1.0,.,
rs5762730,chr22:29039615,(G/T),0.4034,-164109,0.9601,0.0115,,4.0,6,
rs5752764,chr22:29034964,(C/T),0.4042,-168760,0.96,0.0115,,2.0,5,
rs34633563,chr22:29154732,(-/A),0.387,-48992,0.9223,0.0114,,,.,
rs12170898,chr22:29088819,(C/G),0.4071,-114905,0.9598,0.0113,,7.0,5,
rs5762717,chr22:29007653,(T/G),0.4089,-196071,0.9597,0.0113,,3.0,6,
rs547213010,chr22:29456300,(C/T),0.0016,252576,0.2437,0.0112,,,.,
rs4822987,chr22:29144500,(G/T),0.4339,-59224,1.0,0.011,,5.0,5,
rs5762757,chr22:29104959,(A/C),0.4157,-98765,0.9592,0.0109,,,5,
rs9625533,chr22:29088590,(C/T),0.4161,-115134,0.9592,0.0109,,6.0,5,
rs575556648,chr22:29206687,(G/A),0.0062,2963,0.1217,0.0109,,,.,
rs539435959,chr22:29206690,(G/A),0.0062,2966,0.1217,0.0109,,,.,
rs3859888,chr22:29087829,(G/C),0.4165,-115895,0.9592,0.0109,,4.0,5,
rs2236142,chr22:29137944,(G/C),0.4397,-65780,1.0,0.0108,,10.0,3a,
rs9613665,chr22:29118327,(G/A),0.4,-85397,0.9206,0.0108,,6.0,7,
rs134583,chr22:29465677,(C/T),0.3293,261953,0.787,0.0107,,8.0,1f,
rs134581,chr22:29464637,(A/G),0.3295,260913,0.7869,0.0107,,5.0,6,
rs112352251,chr22:29451796,(-/TTTTG),0.4028,248072,0.9203,0.0106,,,.,
rs6005975,chr22:29454477,(T/C),0.3844,250753,0.884,0.0106,,6.0,5,
rs5844809,chr22:28809737,(-/A),0.4241,-393987,0.9587,0.0106,,2.0,.,
rs5762756,chr22:29104955,(A/C),0.4255,-98769,0.9586,0.0105,,,5,
rs132529,chr22:29296652,(A/G),0.4477,92928,1.0,0.0104,,6.0,4,
rs134529,chr22:28781758,(T/C),0.4273,-421966,0.9584,0.0104,,6.0,5,
rs2347446,chr22:29144893,(T/C),0.4499,-58831,1.0,0.0103,,5.0,5,
rs134570,chr22:29463545,(C/T),0.3542,259821,0.8156,0.0103,,3.0,5,
rs35082981,chr22:29097942,(-/T),0.4329,-105782,0.958,0.0102,,,.,
rs134665,chr22:29495079,(G/A),0.3393,291355,0.7838,0.0101,,6.0,5,
rs6519770,chr22:29448408,(T/C),0.4137,244684,0.9188,0.0101,,8.0,4,
rs3178915,chr22:29453027,(A/G),0.4137,249303,0.9188,0.0101,,7.0,7,
rs134652,chr22:29486480,(A/G),0.3399,282756,0.7836,0.0101,,4.0,7,
rs134615,chr22:29477692,(A/C),0.3401,273968,0.7835,0.0101,,7.0,3a,
rs2239815,chr22:29192670,(T/C),0.4565,-11054,1.0,0.0101,,8.0,2b,
rs763073,chr22:29215542,(G/A),0.4567,11818,1.0,0.0101,,8.0,3a,
rs3859887,chr22:29087818,(G/A),0.4159,-115906,0.9185,0.01,,4.0,5,
