RS_Number	Coord	Alleles	MAF	Distance	Dprime	R2	Correlated_Alleles	FORGEdb	RegulomeDB	Function
"rs4676356	chr2:241388857	(C/A)	0.0078	0	1.0	1.0	C=C,A=A	8	5	NA"
"rs573723120	chr2:241193048	(T/G)	0.0078	-195809	1.0	1.0	C=G,A=T	1	.	NA"
"rs79221581	chr2:241166734	(G/A)	0.0078	-222123	1.0	1.0	C=A,A=G	6	4	NA"
"rs527702619	chr2:241641246	(A/T)	0.0078	252389	1.0	1.0	C=T,A=A	1	.	NA"
"rs189577341	chr2:241132043	(C/A)	0.0078	-256814	1.0	1.0	C=A,A=C	4	.	NA"
"rs531708655	chr2:241663123	(G/A)	0.0078	274266	1.0	1.0	C=A,A=G	1	.	NA"
"rs576588146	chr2:241096438	(T/C)	0.0078	-292419	1.0	1.0	C=C,A=T	NA	.	NA"
"rs28631835	chr2:241682597	(G/A)	0.0078	293740	1.0	1.0	C=A,A=G	6	5	NA"
"rs149133574	chr2:241682644	(G/A)	0.0078	293787	1.0	1.0	C=A,A=G	5	5	NA"
"rs140364008	chr2:241684647	(C/T)	0.0078	295790	1.0	1.0	C=T,A=C	6	2b	NA"
"rs141963165	chr2:241687746	(C/T)	0.0078	298889	1.0	1.0	C=T,A=C	5	5	NA"
"rs139798278	chr2:241688754	(G/A)	0.0078	299897	1.0	1.0	C=A,A=G	6	5	NA"
"rs143474082	chr2:241689028	(C/T)	0.0078	300171	1.0	1.0	C=T,A=C	6	5	NA"
"rs144219496	chr2:241693186	(C/T)	0.0078	304329	1.0	1.0	C=T,A=C	5	.	NA"
"rs146936089	chr2:241695944	(C/T)	0.0078	307087	1.0	1.0	C=T,A=C	5	5	NA"
"rs185206849	chr2:241074601	(A/G)	0.0078	-314256	1.0	1.0	C=G,A=A	5	.	NA"
"rs541476329	chr2:241704281	(C/T)	0.0078	315424	1.0	1.0	C=T,A=C	1	.	NA"
"rs35663732	chr2:241706757	(T/C)	0.0078	317900	1.0	1.0	C=C,A=T	6	5	synonymous"
"rs139144824	chr2:241711532	(G/C)	0.0078	322675	1.0	1.0	C=C,A=G	6	5	NA"
"rs141336868	chr2:241712903	(C/T)	0.0078	324046	1.0	1.0	C=T,A=C	6	5	NA"
"rs148957025	chr2:241713717	(T/G)	0.0078	324860	1.0	1.0	C=G,A=T	6	5	NA"
"rs143874463	chr2:241714781	(C/T)	0.0078	325924	1.0	1.0	C=T,A=C	5	3a	NA"
"rs191646128	chr2:241061759	(C/T)	0.0078	-327098	1.0	1.0	C=T,A=C	4	.	NA"
"rs149850515	chr2:241721255	(C/G)	0.0078	332398	1.0	1.0	C=G,A=C	4	4	NA"
"rs187923456	chr2:241722174	(C/A)	0.0078	333317	1.0	1.0	C=A,A=C	6	2b	NA"
"rs75000922	chr2:241722850	(C/T)	0.0078	333993	1.0	1.0	C=T,A=C	6	4	NA"
"rs180962957	chr2:241038753	(A/C)	0.0078	-350104	1.0	1.0	C=C,A=A	3	.	NA"
"rs532324192	chr2:241013813	(C/T)	0.0078	-375044	1.0	1.0	C=T,A=C	NA	.	NA"
"rs138517040	chr2:241797361	(T/C)	0.0078	408504	1.0	1.0	C=C,A=T	7	.	NA"
"rs148604810	chr2:241829349	(G/A)	0.0078	440492	1.0	1.0	C=A,A=G	8	.	NA"
"rs116449636	chr2:241836590	(A/G)	0.0078	447733	1.0	1.0	C=G,A=A	5	.	NA"
"rs556476516	chr2:240923015	(G/C)	0.0078	-465842	1.0	1.0	C=C,A=G	NA	.	NA"
"rs145648546	chr2:241371649	(C/T)	0.0156	-17208	1.0	0.4961	C=T,A=C	6	.	NA"
"rs2074545597	chr2:241411627	(-/GCAGGCCTACCAATCCACTGCCGCACGCGGGGAGGCAGGCCTACCAATCCACGGCCGCACGCGGGGAC)	0.0156	22770	1.0	0.4961	C=GCAGGCCTACCAATCCACTGCCGCACGCGGGGAGGCAGGCCTACCAATCCACGGCCGCACGCGGGGAC,A=-	NA	.	NA"
"rs112110239	chr2:241445406	(T/A)	0.0156	56549	1.0	0.4961	C=A,A=T	7	5	NA"
"rs113598357	chr2:241454682	(G/A)	0.0156	65825	1.0	0.4961	C=A,A=G	6	5	NA"
"rs571821211	chr2:241220954	(C/A)	0.0156	-167903	1.0	0.4961	C=A,A=C	NA	.	NA"
"rs141664826	chr2:241677362	(T/C)	0.0156	288505	1.0	0.4961	C=C,A=T	5	5	NA"
"rs74002926	chr2:241729400	(G/A)	0.0156	340543	1.0	0.4961	C=A,A=G	8	4	NA"
"rs73107824	chr2:241887752	(G/C)	0.0156	498895	1.0	0.4961	C=C,A=G	4	4	NA"
"rs71428441	chr2:241403591	(G/A)	0.0234	14734	1.0	0.3281	C=A,A=G	7	2b	NA"
"rs13001121	chr2:241404237	(C/T)	0.0234	15380	1.0	0.3281	C=T,A=C	8	4	NA"
"rs13013933	chr2:241406530	(G/A)	0.0234	17673	1.0	0.3281	C=A,A=G	8	4	NA"
"rs35334341	chr2:241415825	(G/C)	0.0234	26968	1.0	0.3281	C=C,A=G	8	5	NA"
"rs13010821	chr2:241416038	(C/T)	0.0234	27181	1.0	0.3281	C=T,A=C	8	5	NA"
"rs13024704	chr2:241418046	(C/T)	0.0234	29189	1.0	0.3281	C=T,A=C	7	4	NA"
"rs112401294	chr2:241420626	(G/A)	0.0234	31769	1.0	0.3281	C=A,A=G	8	4	NA"
"rs35732512	chr2:241422319	(T/G)	0.0234	33462	1.0	0.3281	C=G,A=T	6	7	NA"
"rs34485893	chr2:241423086	(C/T)	0.0234	34229	1.0	0.3281	C=T,A=C	5	7	NA"
"rs111796057	chr2:241425055	(G/A)	0.0234	36198	1.0	0.3281	C=A,A=G	5	5	NA"
"rs115648258	chr2:241425845	(A/G)	0.0234	36988	1.0	0.3281	C=G,A=A	4	6	NA"
"rs113533936	chr2:241427224	(T/C)	0.0234	38367	1.0	0.3281	C=C,A=T	7	7	NA"
"rs115538990	chr2:241430103	(G/A)	0.0234	41246	1.0	0.3281	C=A,A=G	4	7	NA"
"rs78205760	chr2:241431311	(A/G)	0.0234	42454	1.0	0.3281	C=G,A=A	4	5	NA"
"rs113587121	chr2:241434584	(C/T)	0.0234	45727	1.0	0.3281	C=T,A=C	7	4	NA"
"rs375526574	chr2:241437611	(A/-)	0.0234	48754	1.0	0.3281	C=-,A=A	NA	.	NA"
"rs188820172	chr2:241437708	(G/T)	0.0234	48851	1.0	0.3281	C=T,A=G	8	2b	NA"
"rs115910060	chr2:241437715	(G/T)	0.0234	48858	1.0	0.3281	C=T,A=G	8	2b	NA"
"rs112035160	chr2:241439086	(A/G)	0.0234	50229	1.0	0.3281	C=G,A=A	8	4	NA"
"rs112719197	chr2:241442027	(C/T)	0.0234	53170	1.0	0.3281	C=T,A=C	8	5	NA"
"rs111648864	chr2:241443201	(A/G)	0.0234	54344	1.0	0.3281	C=G,A=A	7	5	NA"
"rs112875526	chr2:241443878	(T/C)	0.0234	55021	1.0	0.3281	C=C,A=T	6	6	NA"
"rs201930752	chr2:241443998	(-/A)	0.0234	55141	1.0	0.3281	C=A,A=-	NA	.	NA"
"rs55769870	chr2:241444449	(T/A)	0.0234	55592	1.0	0.3281	C=A,A=T	6	5	NA"
"rs113358855	chr2:241446785	(C/T)	0.0234	57928	1.0	0.3281	C=T,A=C	8	5	NA"
"rs113831695	chr2:241449998	(C/T)	0.0234	61141	1.0	0.3281	C=T,A=C	8	4	NA"
"rs79667746	chr2:241451855	(G/A)	0.0234	62998	1.0	0.3281	C=A,A=G	8	5	NA"
"rs113970725	chr2:241452807	(C/T)	0.0234	63950	1.0	0.3281	C=T,A=C	7	4	NA"
"rs375419190	chr2:241304359	(G/A)	0.0234	-84498	1.0	0.3281	C=A,A=G	1	.	NA"
"rs144060447	chr2:241236254	(G/A)	0.0234	-152603	1.0	0.3281	C=A,A=G	6	.	NA"
"rs63618560	chr2:241546598	(A/T)	0.0234	157741	1.0	0.3281	C=T,A=A	NA	3a	NA"
"rs139577682	chr2:241149870	(-/CAGCCCCGCCC)	0.0234	-238987	1.0	0.3281	C=CAGCCCCGCCC,A=-	NA	.	NA"
"rs75557266	chr2:241086446	(C/T)	0.0234	-302411	1.0	0.3281	C=T,A=C	5	4	NA"
"rs79061224	chr2:241052219	(C/T)	0.0234	-336638	1.0	0.3281	C=T,A=C	4	5	NA"
"rs148408558	chr2:241052185	(G/A)	0.0234	-336672	1.0	0.3281	C=A,A=G	7	5	NA"
"rs539806011	chr2:241746527	(G/A)	0.0234	357670	1.0	0.3281	C=A,A=G	NA	7	NA"
"rs115594130	chr2:241835739	(A/G)	0.0234	446882	1.0	0.3281	C=G,A=A	8	4	NA"
"rs4676357	chr2:241388167	(T/G)	0.0312	-690	1.0	0.2441	C=T,A=G	10	2b	NA"
"rs113293453	chr2:241478118	(G/A)	0.0312	89261	1.0	0.2441	C=A,A=G	8	5	NA"
"rs112052223	chr2:241526954	(G/T)	0.0312	138097	1.0	0.2441	C=T,A=G	9	4	NA"
"rs7595348	chr2:241572854	(G/T)	0.0312	183997	1.0	0.2441	C=T,A=G	4	5	NA"
"rs377661118	chr2:241623284	(T/C)	0.0312	234427	1.0	0.2441	C=C,A=T	NA	5	NA"
"rs2288757	chr2:241623916	(G/A)	0.0312	235059	1.0	0.2441	C=A,A=G	8	5	NA"
"rs369470343	chr2:241624584	(T/G)	0.0312	235727	1.0	0.2441	C=G,A=T	NA	5	NA"
"rs116030593	chr2:241624830	(T/C)	0.0312	235973	1.0	0.2441	C=C,A=T	4	5	NA"
"rs370458791	chr2:241629005	(A/C)	0.0312	240148	1.0	0.2441	C=C,A=A	NA	5	NA"
"rs370370121	chr2:241630300	(A/G)	0.0312	241443	1.0	0.2441	C=G,A=A	NA	5	NA"
"rs138355184	chr2:241109121	(C/G)	0.0312	-279736	1.0	0.2441	C=G,A=C	5	5	NA"
"rs10933606	chr2:241411643	(C/T)	0.0391	22786	1.0	0.1937	C=T,A=C	7	4	NA"
"rs75898640	chr2:241461798	(T/C)	0.0391	72941	1.0	0.1937	C=C,A=T	8	3a	NA"
"rs55701266	chr2:241464055	(T/C)	0.0391	75198	1.0	0.1937	C=C,A=T	6	5	NA"
"rs35186665	chr2:241465261	(G/A)	0.0391	76404	1.0	0.1937	C=A,A=G	7	4	synonymous"
"rs111883294	chr2:241469601	(C/T)	0.0391	80744	1.0	0.1937	C=T,A=C	8	4	NA"
"rs56286423	chr2:241476785	(G/C)	0.0391	87928	1.0	0.1937	C=C,A=G	6	5	NA"
"rs72998083	chr2:241479268	(G/A)	0.0391	90411	1.0	0.1937	C=A,A=G	8	5	NA"
"rs139543626	chr2:241485268	(G/A)	0.0391	96411	1.0	0.1937	C=A,A=G	4	6	NA"
"rs370040288	chr2:241487211	(T/A)	0.0391	98354	1.0	0.1937	C=A,A=T	2	7	NA"
"rs374519222	chr2:241489004	(A/G)	0.0391	100147	1.0	0.1937	C=G,A=A	2	6	NA"
"rs56068082	chr2:241491129	(C/T)	0.0391	102272	1.0	0.1937	C=T,A=C	10	5	NA"
"rs55915120	chr2:241491175	(C/T)	0.0391	102318	1.0	0.1937	C=T,A=C	9	4	NA"
"rs10933614	chr2:241492528	(A/T)	0.0391	103671	1.0	0.1937	C=T,A=A	6	5	NA"
"rs72999907	chr2:241495633	(G/A)	0.0391	106776	1.0	0.1937	C=A,A=G	8	5	NA"
"rs56321002	chr2:241497849	(AG/-)	0.0391	108992	1.0	0.1937	C=-,A=AG	2	.	NA"
"rs113909935	chr2:241542183	(C/T)	0.0391	153326	1.0	0.1937	C=T,A=C	8	4	NA"
"rs75659535	chr2:241542801	(C/G)	0.0391	153944	1.0	0.1937	C=G,A=C	10	5	NA"
"rs75825616	chr2:241543110	(C/T)	0.0391	154253	1.0	0.1937	C=T,A=C	9	4	NA"
"rs11889147	chr2:241631616	(T/C)	0.0391	242759	1.0	0.1937	C=C,A=T	5	5	synonymous"
"rs60185985	chr2:241690408	(G/A)	0.0391	301551	1.0	0.1937	C=A,A=G	8	4	NA"
"rs116200762	chr2:241018505	(A/C)	0.0391	-370352	1.0	0.1937	C=C,A=A	2	7	NA"
"rs35328490	chr2:241400671	(G/A)	0.0469	11814	1.0	0.1601	C=A,A=G	8	2b	NA"
"rs55672855	chr2:241499831	(A/T)	0.0469	110974	1.0	0.1601	C=T,A=A	10	4	NA"
"rs72999916	chr2:241505626	(G/A)	0.0469	116769	1.0	0.1601	C=A,A=G	10	4	NA"
"rs72999918	chr2:241505692	(A/G)	0.0469	116835	1.0	0.1601	C=G,A=A	9	4	NA"
"rs72999922	chr2:241507427	(A/G)	0.0469	118570	1.0	0.1601	C=G,A=A	10	4	NA"
"rs73006457	chr2:241269430	(C/T)	0.0469	-119427	1.0	0.1601	C=T,A=C	5	5	NA"
"rs60246364	chr2:241509483	(T/C)	0.0469	120626	1.0	0.1601	C=C,A=T	8	4	NA"
"rs72999928	chr2:241510010	(A/G)	0.0469	121153	1.0	0.1601	C=G,A=A	8	4	NA"
"rs111280407	chr2:241527785	(C/A)	0.0469	138928	1.0	0.1601	C=A,A=C	8	2b	NA"
"rs77622920	chr2:241528221	(G/T)	0.0469	139364	1.0	0.1601	C=T,A=G	8	5	NA"
"rs41266971	chr2:241531117	(A/C)	0.0469	142260	1.0	0.1601	C=C,A=A	6	4	NA"
"rs70961719	chr2:241534188	(A/T)	0.0469	145331	1.0	0.1601	C=T,A=A	8	3a	NA"
"rs113940744	chr2:241539264	(C/T)	0.0469	150407	1.0	0.1601	C=T,A=C	7	3a	NA"
"rs113443535	chr2:241540849	(G/A)	0.0469	151992	1.0	0.1601	C=A,A=G	10	4	NA"
"rs2953163	chr2:241541536	(C/T)	0.0469	152679	1.0	0.1601	C=T,A=C	7	5	NA"
"rs7565704	chr2:241544852	(A/C)	0.0469	155995	1.0	0.1601	C=C,A=A	10	2b	NA"
"rs73006471	chr2:241280815	(C/T)	0.0547	-108042	1.0	0.1361	C=T,A=C	6	5	NA"
"rs58730654	chr2:241506123	(T/C)	0.0547	117266	1.0	0.1361	C=C,A=T	10	2b	NA"
"rs2975770	chr2:241547312	(T/C)	0.0547	158455	1.0	0.1361	C=C,A=T	4	3a	NA"
"rs71428419	chr2:241097293	(G/A)	0.0547	-291564	1.0	0.1361	C=A,A=G	1	2c	NA"
"rs73107806	chr2:241874272	(C/T)	0.0547	485415	1.0	0.1361	C=T,A=C	7	4	NA"
"rs55904317	chr2:241495177	(G/T)	0.0625	106320	1.0	0.1181	C=T,A=G	8	4	NA"
"rs59733750	chr2:241719610	(A/G)	0.0703	330753	1.0	0.1041	C=G,A=A	6	4	NA"
rs11904164	chr2:240987701	(C/T)	0.0781	-401156	1.0	0.0929	NA	7	5	NA
rs3755534	chr2:241681764	(G/A)	0.0859	292907	1.0	0.0838	NA	8	2b	NA
rs79975002	chr2:241071710	(G/C)	0.0859	-317147	1.0	0.0838	NA	8	4	NA
rs10188941	chr2:240978896	(G/A)	0.0859	-409961	1.0	0.0838	NA	7	6	NA
rs13415895	chr2:240976581	(A/C)	0.0859	-412276	1.0	0.0838	NA	4	6	NA
rs142146930	chr2:240975426	(CTAA/-)	0.0859	-413431	1.0	0.0838	NA	2	.	NA
rs73006488	chr2:241296808	(G/C)	0.0938	-92049	1.0	0.0761	NA	6	5	NA
rs11333055	chr2:241011025	(A/-)	0.0938	-377832	1.0	0.0761	NA	NA	6	.
rs1864875	chr2:241726247	(G/A)	0.1016	337390	1.0	0.0697	NA	1	5	NA
rs112730104	chr2:241048067	(A/G)	0.1016	-340790	1.0	0.0697	NA	NA	5	NA
rs10166127	chr2:241061741	(G/T)	0.1094	-327116	1.0	0.0641	NA	8	5	NA
rs73109489	chr2:241061304	(G/A)	0.1094	-327553	1.0	0.0641	NA	6	5	NA
rs13431700	chr2:241052798	(C/T)	0.1094	-336059	1.0	0.0641	NA	7	5	NA
rs13431274	chr2:241052441	(C/T)	0.1094	-336416	1.0	0.0641	NA	6	5	NA
rs75733645	chr2:241040533	(T/C)	0.1094	-348324	1.0	0.0641	NA	3	6	NA
rs13384748	chr2:241054172	(C/A)	0.1172	-334685	1.0	0.0593	NA	6	5	NA
rs11903394	chr2:241562294	(G/A)	0.125	173437	1.0	0.0551	NA	10	2b	NA
rs62185591	chr2:241204802	(T/A)	0.125	-184055	1.0	0.0551	NA	6	5	NA
rs200199130	chr2:241634830	(T/C)	0.125	245973	1.0	0.0551	NA	NA	5	NA
rs7587151	chr2:241055301	(C/T)	0.125	-333556	1.0	0.0551	NA	3	5	NA
rs10933637	chr2:241750144	(A/G)	0.125	361287	1.0	0.0551	NA	7	4	NA
rs2352826	chr2:241275361	(A/G)	0.1328	-113496	1.0	0.0514	NA	4	5	NA
rs2352825	chr2:241275004	(A/T)	0.1328	-113853	1.0	0.0514	NA	4	5	NA
rs7422824	chr2:241047953	(A/G)	0.1328	-340904	1.0	0.0514	NA	1	5	NA
rs7340397	chr2:241422028	(A/C)	0.1406	33171	1.0	0.0481	NA	6	5	NA
rs7340463	chr2:241423730	(T/G)	0.1406	34873	1.0	0.0481	NA	4	6	NA
rs3772051	chr2:241672904	(G/A)	0.1406	284047	1.0	0.0481	NA	6	3a	NA
rs3772052	chr2:241673147	(C/A)	0.1406	284290	1.0	0.0481	NA	8	3a	NA
rs78557056	chr2:241437336	(A/G)	0.1484	48479	1.0	0.0452	NA	6	5	NA
rs4676439	chr2:241303596	(T/C)	0.1484	-85261	1.0	0.0452	NA	7	5	NA
rs6437325	chr2:241291165	(A/C)	0.1484	-97692	1.0	0.0452	NA	4	2b	NA
rs13386453	chr2:241289287	(A/G)	0.1484	-99570	1.0	0.0452	NA	6	4	NA
rs7576343	chr2:241275988	(T/C)	0.1484	-112869	1.0	0.0452	NA	7	5	NA
rs5839811	chr2:241275085	(T/-)	0.1484	-113772	1.0	0.0452	NA	NA	.	NA
rs62187257	chr2:241562831	(A/G)	0.1484	173974	1.0	0.0452	NA	8	5	NA
rs74002922	chr2:241725637	(G/A)	0.1484	336780	1.0	0.0452	NA	8	5	NA
rs6732174	chr2:241731540	(C/T)	0.1484	342683	1.0	0.0452	NA	10	2b	NA
rs11320254	chr2:241418147	(A/-)	0.1562	29290	1.0	0.0425	NA	NA	.	NA
rs115385515	chr2:241505957	(C/A)	0.1562	117100	1.0	0.0425	NA	10	2b	NA
rs114391395	chr2:241173008	(C/A)	0.1562	-215849	1.0	0.0425	NA	8	2b	NA
rs6738275	chr2:241154426	(A/G)	0.1562	-234431	1.0	0.0425	NA	6	4	NA
rs28487574	chr2:241719985	(G/A)	0.1562	331128	1.0	0.0425	NA	7	4	NA
rs7568323	chr2:241003331	(A/G)	0.1562	-385526	1.0	0.0425	NA	4	5	NA
rs77161911	chr2:240997920	(C/T)	0.1562	-390937	1.0	0.0425	NA	7	7	NA
rs56040767	chr2:240997549	(G/A)	0.1562	-391308	1.0	0.0425	NA	8	5	NA
rs6750600	chr2:240996259	(G/A)	0.1562	-392598	1.0	0.0425	NA	8	3a	NA
.	chr2:241782025	(T/-)	0.1562	393168	1.0	0.0425	NA	NA	.	.
rs6738310	chr2:241154485	(A/G)	0.1641	-234372	1.0	0.0401	NA	6	4	NA
rs2060194	chr2:241666418	(G/A)	0.1641	277561	1.0	0.0401	NA	6	5	NA
rs59016731	chr2:241668480	(G/A)	0.1641	279623	1.0	0.0401	NA	4	4	NA
rs12472405	chr2:241679168	(C/T)	0.1641	290311	1.0	0.0401	NA	8	2b	NA
rs1013225	chr2:241680644	(G/C)	0.1641	291787	1.0	0.0401	NA	8	5	NA
rs57105213	chr2:241045853	(A/G)	0.1641	-343004	1.0	0.0401	NA	7	3a	NA
rs57840280	chr2:241045248	(T/A)	0.1641	-343609	1.0	0.0401	NA	8	5	NA
rs7604333	chr2:241043138	(G/A)	0.1641	-345719	1.0	0.0401	NA	7	5	NA
rs2887400	chr2:241043135	(T/C)	0.1641	-345722	1.0	0.0401	NA	7	5	NA
rs7604326	chr2:241043126	(G/C)	0.1641	-345731	1.0	0.0401	NA	8	5	NA
rs7604325	chr2:241043125	(G/A)	0.1641	-345732	1.0	0.0401	NA	8	5	NA
rs7558532	chr2:241042541	(C/G)	0.1641	-346316	1.0	0.0401	NA	5	4	NA
rs1542055	chr2:241033334	(T/C)	0.1641	-355523	1.0	0.0401	NA	6	3a	NA
rs1542056	chr2:241033175	(G/C)	0.1641	-355682	1.0	0.0401	NA	8	2b	NA
rs7579795	chr2:241031521	(G/A)	0.1641	-357336	1.0	0.0401	NA	6	6	NA
rs77350896	chr2:241030599	(G/A)	0.1641	-358258	1.0	0.0401	NA	7	6	NA
rs11445556	chr2:241027507	(-/A)	0.1641	-361350	1.0	0.0401	NA	NA	.	NA
rs6760058	chr2:241024787	(A/T)	0.1641	-364070	1.0	0.0401	NA	4	7	NA
rs4375892	chr2:241022667	(C/T)	0.1641	-366190	1.0	0.0401	NA	7	6	NA
rs7423393	chr2:241020281	(C/T)	0.1641	-368576	1.0	0.0401	NA	5	6	NA
rs74002238	chr2:241019784	(G/C)	0.1641	-369073	1.0	0.0401	NA	6	7	NA
rs6741800	chr2:241008898	(T/C)	0.1641	-379959	1.0	0.0401	NA	5	6	NA
rs56834703	chr2:240994447	(T/C)	0.1641	-394410	1.0	0.0401	NA	7	5	NA
rs1864870	chr2:241576062	(T/G)	0.1719	187205	1.0	0.0379	NA	7	5	NA
rs202078131	chr2:241720456	(-/C)	0.1719	331599	1.0	0.0379	NA	NA	.	NA
rs73109439	chr2:241031099	(A/G)	0.1719	-357758	1.0	0.0379	NA	7	2b	NA
rs56788164	chr2:241029697	(G/A)	0.1719	-359160	1.0	0.0379	NA	4	5	NA
rs4525692	chr2:241275034	(T/A)	0.1797	-113823	1.0	0.0359	NA	2	5	NA
rs67950490	chr2:241565156	(A/G)	0.1797	176299	1.0	0.0359	NA	1	4	NA
rs4335944	chr2:241576626	(T/G)	0.1797	187769	1.0	0.0359	NA	8	5	NA
rs10198394	chr2:241684185	(G/A)	0.1797	295328	1.0	0.0359	NA	8	4	NA
rs10192116	chr2:241046138	(A/G)	0.1797	-342719	1.0	0.0359	NA	8	5	NA
rs12477906	chr2:241566871	(G/A)	0.1875	178014	1.0	0.0341	NA	6	1f	NA
rs2975783	chr2:241567812	(C/T)	0.1875	178955	1.0	0.0341	NA	7	1f	NA
rs2953154	chr2:241567962	(C/G)	0.1875	179105	1.0	0.0341	NA	7	5	NA
rs2975786	chr2:241570391	(A/G)	0.1875	181534	1.0	0.0341	NA	7	5	NA
rs2975790	chr2:241572695	(C/T)	0.1875	183838	1.0	0.0341	NA	4	5	NA
rs2975791	chr2:241573641	(T/C)	0.1875	184784	1.0	0.0341	NA	6	4	NA
rs67643017	chr2:241673449	(A/G)	0.1875	284592	1.0	0.0341	NA	8	2a	NA
rs13415064	chr2:241046189	(T/C)	0.1875	-342668	1.0	0.0341	NA	6	5	NA
rs75404637	chr2:241043417	(G/A)	0.1875	-345440	1.0	0.0341	NA	4	5	NA
rs376220828	chr2:241038083	(T/-)	0.1875	-350774	1.0	0.0341	NA	NA	.	NA
rs4497878	chr2:241752685	(T/C)	0.1875	363828	1.0	0.0341	NA	6	5	NA
rs4129943	chr2:241753815	(T/C)	0.1875	364958	1.0	0.0341	NA	6	4	NA
rs4503988	chr2:241762554	(T/C)	0.1875	373697	1.0	0.0341	NA	6	5	NA
rs6760914	chr2:241772813	(A/G)	0.1875	383956	1.0	0.0341	NA	9	5	NA
rs6761044	chr2:241772891	(A/G)	0.1875	384034	1.0	0.0341	NA	7	5	NA
rs10204233	chr2:241781213	(T/A)	0.1875	392356	1.0	0.0341	NA	4	6	NA
rs111357642	chr2:241781994	(G/-)	0.1875	393137	1.0	0.0341	NA	NA	.	NA
rs13389099	chr2:240984833	(C/G)	0.1875	-404024	1.0	0.0341	NA	7	5	synonymous
rs13393875	chr2:240984010	(T/A)	0.1875	-404847	1.0	0.0341	NA	6	5	NA
rs10202495	chr2:240983242	(G/A)	0.1875	-405615	1.0	0.0341	NA	8	5	NA
rs10168972	chr2:240982987	(A/G)	0.1875	-405870	1.0	0.0341	NA	8	2b	NA
rs111296426	chr2:241550303	(G/A)	0.1953	161446	1.0	0.0324	NA	6	5	NA
rs2953159	chr2:241551177	(A/G)	0.1953	162320	1.0	0.0324	NA	10	5	NA
rs2953158	chr2:241551402	(A/G)	0.1953	162545	1.0	0.0324	NA	9	4	NA
rs67623812	chr2:241223400	(G/A)	0.1953	-165457	1.0	0.0324	NA	6	4	NA
rs2975776	chr2:241555705	(G/A)	0.1953	166848	1.0	0.0324	NA	7	5	NA
rs4854089	chr2:241168785	(G/A)	0.1953	-220072	1.0	0.0324	NA	5	4	NA
rs4854090	chr2:241168633	(T/C)	0.1953	-220224	1.0	0.0324	NA	5	3a	NA
rs10185997	chr2:241163957	(A/G)	0.1953	-224900	1.0	0.0324	NA	4	5	NA
rs7598043	chr2:241162736	(A/G)	0.1953	-226121	1.0	0.0324	NA	6	5	NA
rs6437303	chr2:241160012	(G/C)	0.1953	-228845	1.0	0.0324	NA	6	2a	NA
rs4854093	chr2:241158406	(T/A)	0.1953	-230451	1.0	0.0324	NA	4	5	NA
rs13430951	chr2:241156809	(A/G)	0.1953	-232048	1.0	0.0324	NA	5	4	NA
rs10209124	chr2:241152640	(C/G)	0.1953	-236217	1.0	0.0324	NA	6	5	NA
rs57477563	chr2:241758161	(T/G)	0.1953	369304	1.0	0.0324	NA	10	4	NA
rs4499423	chr2:241763168	(T/C)	0.1953	374311	1.0	0.0324	NA	6	4	NA
rs4413161	chr2:241763880	(T/A)	0.1953	375023	1.0	0.0324	NA	6	1b	NA
rs11290046	chr2:241765758	(G/-)	0.1953	376901	1.0	0.0324	NA	2	.	NA
rs12465902	chr2:241767075	(A/G)	0.1953	378218	1.0	0.0324	NA	7	5	NA
rs4676343	chr2:241773436	(T/A)	0.1953	384579	1.0	0.0324	NA	8	5	NA
rs35516027	chr2:241774152	(T/C)	0.1953	385295	1.0	0.0324	NA	6	4	NA
rs4676388	chr2:241774818	(T/C)	0.1953	385961	1.0	0.0324	NA	6	5	NA
rs6709833	chr2:241775575	(C/T)	0.1953	386718	1.0	0.0324	NA	6	7	NA
rs6719991	chr2:241791028	(G/A)	0.1953	402171	1.0	0.0324	NA	8	4	NA
rs4676438	chr2:241385476	(C/G)	0.2031	-3381	1.0	0.0309	NA	4	5	NA
rs5030952	chr2:241542703	(C/T)	0.2031	153846	1.0	0.0309	NA	10	5	NA
rs10209042	chr2:241760212	(C/G)	0.2031	371355	1.0	0.0309	NA	10	4	NA
rs59244464	chr2:241765757	(A/C)	0.2031	376900	1.0	0.0309	NA	3	5	NA
rs6736656	chr2:241787224	(C/G)	0.2031	398367	1.0	0.0309	NA	8	4	NA
rs6737018	chr2:241787521	(C/T)	0.2031	398664	1.0	0.0309	NA	7	4	NA
rs374737398	chr2:241882899	(T/-)	0.2031	494042	1.0	0.0309	NA	NA	.	NA
rs1864879	chr2:241581451	(C/G)	0.2109	192594	1.0	0.0295	NA	6	4	NA
rs10933625	chr2:241584754	(G/C)	0.2109	195897	1.0	0.0295	NA	7	5	NA
rs4676401	chr2:241585584	(G/T)	0.2109	196727	1.0	0.0295	NA	8	4	NA
rs6735694	chr2:241586696	(C/T)	0.2109	197839	1.0	0.0295	NA	8	5	NA
rs6724516	chr2:241586810	(G/A)	0.2109	197953	1.0	0.0295	NA	8	5	NA
rs6745185	chr2:241586960	(T/G)	0.2109	198103	1.0	0.0295	NA	7	4	NA
rs4676346	chr2:241587029	(C/T)	0.2109	198172	1.0	0.0295	NA	8	3a	NA
rs6437356	chr2:241591644	(G/A)	0.2109	202787	1.0	0.0295	NA	6	7	NA
rs1864867	chr2:241593031	(T/C)	0.2109	204174	1.0	0.0295	NA	8	5	NA
rs10804411	chr2:241593157	(A/G)	0.2109	204300	1.0	0.0295	NA	7	5	NA
rs6715444	chr2:241599745	(A/G)	0.2109	210888	1.0	0.0295	NA	6	5	NA
rs35777810	chr2:241600363	(G/A)	0.2109	211506	1.0	0.0295	NA	5	5	NA
rs13023028	chr2:241608453	(G/A)	0.2109	219596	1.0	0.0295	NA	5	5	NA
rs2196871	chr2:241003667	(A/G)	0.2109	-385190	1.0	0.0295	NA	6	6	NA
rs7605835	chr2:241003605	(G/A)	0.2109	-385252	1.0	0.0295	NA	7	7	NA
rs72993513	chr2:240982116	(C/A)	0.2109	-406741	1.0	0.0295	NA	4	7	NA
rs13385816	chr2:241799919	(G/C)	0.2109	411062	1.0	0.0295	NA	7	7	NA
rs7600847	chr2:241800707	(A/C)	0.2109	411850	1.0	0.0295	NA	6	7	NA
rs10201556	chr2:241805008	(T/C)	0.2109	416151	1.0	0.0295	NA	8	3a	NA
rs140694338	chr2:241808825	(GGCCTCCCT/-)	0.2109	419968	1.0	0.0295	NA	NA	.	NA
rs11681134	chr2:241808942	(G/T)	0.2109	420085	1.0	0.0295	NA	8	3a	NA
rs10196315	chr2:241810957	(C/T)	0.2109	422100	1.0	0.0295	NA	8	4	NA
rs6739196	chr2:241419842	(G/A)	0.2188	30985	1.0	0.0281	NA	8	2b	NA
rs7340350	chr2:241421980	(C/A)	0.2188	33123	1.0	0.0281	NA	7	5	NA
rs75488792	chr2:241424879	(T/C)	0.2188	36022	1.0	0.0281	NA	4	7	NA
rs79968777	chr2:241427104	(G/T)	0.2188	38247	1.0	0.0281	NA	4	7	NA
rs57155438	chr2:241430793	(G/A)	0.2188	41936	1.0	0.0281	NA	7	3a	NA
rs10933608	chr2:241434989	(T/C)	0.2188	46132	1.0	0.0281	NA	7	3a	NA
rs2288745	chr2:241728843	(C/T)	0.2188	339986	1.0	0.0281	NA	8	5	NA
rs7585039	chr2:240987114	(G/A)	0.2188	-401743	1.0	0.0281	NA	6	5	NA
rs13429566	chr2:241797987	(G/A)	0.2188	409130	1.0	0.0281	NA	8	5	NA
rs1138848	chr2:241501851	(T/C)	0.2266	112994	1.0	0.0269	NA	6	4	NA
rs4676407	chr2:241578537	(C/G)	0.2266	189680	1.0	0.0269	NA	10	2b	NA
rs4676405	chr2:241579169	(T/C)	0.2266	190312	1.0	0.0269	NA	7	5	NA
rs62186548	chr2:241580450	(C/T)	0.2266	191593	1.0	0.0269	NA	NA	2b	NA
rs3772054	chr2:241678528	(A/G)	0.2266	289671	1.0	0.0269	NA	4	5	NA
rs3755538	chr2:241739534	(C/T)	0.2266	350677	1.0	0.0269	NA	9	4	NA
rs13413909	chr2:241744713	(C/G)	0.2266	355856	1.0	0.0269	NA	6	5	NA
rs35398632	chr2:241745081	(A/-)	0.2266	356224	1.0	0.0269	NA	2	.	NA
rs12620736	chr2:241745226	(A/C)	0.2266	356369	1.0	0.0269	NA	2	6	NA
rs12620737	chr2:241745245	(A/G)	0.2266	356388	1.0	0.0269	NA	5	6	NA
rs11681088	chr2:241746355	(C/A)	0.2266	357498	1.0	0.0269	NA	5	5	NA
rs11687368	chr2:241747495	(T/A)	0.2266	358638	1.0	0.0269	NA	6	5	NA
rs6727817	chr2:241747855	(T/C)	0.2266	358998	1.0	0.0269	NA	4	5	NA
rs13406157	chr2:241748233	(C/T)	0.2266	359376	1.0	0.0269	NA	5	5	NA
rs7562139	chr2:241748497	(G/A)	0.2266	359640	1.0	0.0269	NA	7	5	NA
rs10933636	chr2:241748670	(T/A)	0.2266	359813	1.0	0.0269	NA	6	5	NA
rs7601232	chr2:240987009	(T/G)	0.2266	-401848	1.0	0.0269	NA	6	5	NA
rs10933639	chr2:241794879	(A/G)	0.2266	406022	1.0	0.0269	NA	7	5	NA
rs12997245	chr2:241812566	(G/A)	0.2266	423709	1.0	0.0269	NA	6	4	NA
rs10199038	chr2:241817322	(C/T)	0.2266	428465	1.0	0.0269	NA	8	3a	NA
rs35566646	chr2:241818017	(G/A)	0.2266	429160	1.0	0.0269	NA	8	4	NA
rs4273214	chr2:241818279	(C/A)	0.2266	429422	1.0	0.0269	NA	8	2b	NA
rs68048482	chr2:241465361	(T/C)	0.2344	76504	1.0	0.0257	NA	8	4	NA
rs9646892	chr2:241466693	(A/G)	0.2344	77836	1.0	0.0257	NA	6	3a	NA
rs72998076	chr2:241477903	(A/G)	0.2344	89046	1.0	0.0257	NA	8	4	NA
rs7576043	chr2:241482099	(A/G)	0.2344	93242	1.0	0.0257	NA	6	5	NA
rs55645962	chr2:241156868	(C/A)	0.2344	-231989	1.0	0.0257	NA	4	2b	NA
rs6708456	chr2:241729993	(C/T)	0.2344	341136	1.0	0.0257	NA	7	5	NA
rs6732985	chr2:241816545	(C/T)	0.2344	427688	1.0	0.0257	NA	8	4	NA
rs11491261	chr2:241823193	(C/T)	0.2344	434336	1.0	0.0257	NA	5	7	NA
rs12464585	chr2:241830126	(G/A)	0.2344	441269	1.0	0.0257	NA	8	4	NA
rs35760630	chr2:241840555	(C/T)	0.2344	451698	1.0	0.0257	NA	7	5	NA
rs11675145	chr2:241842280	(C/A)	0.2344	453423	1.0	0.0257	NA	10	4	NA
rs6749682	chr2:241540655	(C/G)	0.2422	151798	1.0	0.0246	NA	8	5	NA
rs13019955	chr2:241564980	(C/A)	0.2422	176123	1.0	0.0246	NA	7	4	NA
rs62186549	chr2:241581306	(C/T)	0.2422	192449	1.0	0.0246	NA	1	7	NA
rs62186550	chr2:241581307	(C/T)	0.2422	192450	1.0	0.0246	NA	1	7	NA
rs62186551	chr2:241581309	(A/G)	0.2422	192452	1.0	0.0246	NA	1	7	NA
rs62186552	chr2:241581310	(C/T)	0.2422	192453	1.0	0.0246	NA	1	7	NA
rs62186553	chr2:241581311	(A/G)	0.2422	192454	1.0	0.0246	NA	1	7	NA
.	chr2:241581312	(A/-)	0.2422	192455	1.0	0.0246	NA	NA	.	.
rs372850038	chr2:241581315	(A/-)	0.2422	192458	1.0	0.0246	NA	NA	.	NA
rs12621598	chr2:241582043	(C/T)	0.2422	193186	1.0	0.0246	NA	8	4	NA
rs12622957	chr2:241582151	(A/C)	0.2422	193294	1.0	0.0246	NA	8	4	NA
rs13389043	chr2:241052822	(T/G)	0.2422	-336035	1.0	0.0246	NA	8	5	NA
rs4676444	chr2:241733880	(C/T)	0.2422	345023	1.0	0.0246	NA	10	2a	NA
rs12621521	chr2:241735660	(G/T)	0.2422	346803	1.0	0.0246	NA	8	3a	NA
rs10167412	chr2:241737017	(C/A)	0.2422	348160	1.0	0.0246	NA	8	5	NA
rs10170452	chr2:241737603	(C/A)	0.2422	348746	1.0	0.0246	NA	8	5	NA
rs34491229	chr2:241737970	(G/T)	0.2422	349113	1.0	0.0246	NA	7	5	NA
rs34523140	chr2:241737984	(G/A)	0.2422	349127	1.0	0.0246	NA	7	5	NA
rs76190475	chr2:241782867	(A/G)	0.2422	394010	1.0	0.0246	NA	4	7	NA
rs13030904	chr2:241815620	(G/A)	0.2422	426763	1.0	0.0246	NA	8	2b	NA
rs9288742	chr2:241821504	(C/T)	0.2422	432647	1.0	0.0246	NA	7	5	NA
rs11491260	chr2:241823171	(C/G)	0.2422	434314	1.0	0.0246	NA	5	7	NA
rs10185214	chr2:241824492	(T/C)	0.2422	435635	1.0	0.0246	NA	7	2b	NA
rs6744422	chr2:241827425	(G/T)	0.2422	438568	1.0	0.0246	NA	8	4	NA
rs6707763	chr2:241827618	(T/C)	0.2422	438761	1.0	0.0246	NA	7	4	NA
rs34671465	chr2:241828215	(G/A)	0.2422	439358	1.0	0.0246	NA	7	4	NA
rs62186562	chr2:241832461	(C/T)	0.2422	443604	1.0	0.0246	NA	8	4	NA
rs13422506	chr2:241832864	(C/A)	0.2422	444007	1.0	0.0246	NA	10	2c	NA
rs13426919	chr2:241835421	(A/G)	0.2422	446564	1.0	0.0246	NA	8	4	NA
rs10169870	chr2:241835786	(G/A)	0.2422	446929	1.0	0.0246	NA	7	4	NA
rs10170351	chr2:241842762	(C/G)	0.2422	453905	1.0	0.0246	NA	7	5	NA
rs10933521	chr2:241842775	(C/T)	0.2422	453918	1.0	0.0246	NA	8	5	NA
rs12465403	chr2:241842940	(C/A)	0.2422	454083	1.0	0.0246	NA	8	5	NA
rs10804412	chr2:241626057	(A/G)	0.25	237200	1.0	0.0236	NA	9	5	NA
rs7589721	chr2:241108889	(T/C)	0.25	-279968	1.0	0.0236	NA	6	5	NA
rs71854652	chr2:241724233	(G/-)	0.25	335376	1.0	0.0236	NA	NA	.	NA
rs4292088	chr2:241744332	(C/G)	0.25	355475	1.0	0.0236	NA	7	5	NA
rs4455151	chr2:241744372	(G/T)	0.25	355515	1.0	0.0236	NA	7	5	NA
rs1338464961	chr2:241581298	(CGAA/-)	0.2578	192441	1.0	0.0227	NA	NA	.	NA
rs199633116	chr2:241618905	(A/G)	0.2578	230048	1.0	0.0227	NA	NA	4	NA
rs200371460	chr2:241619686	(C/A)	0.2578	230829	1.0	0.0227	NA	2	5	NA
rs147460526	chr2:241624694	(T/C)	0.2578	235837	1.0	0.0227	NA	NA	5	NA
rs143920483	chr2:241624695	(T/C)	0.2578	235838	1.0	0.0227	NA	NA	5	NA
rs7598218	chr2:241698298	(G/A)	0.2578	309441	1.0	0.0227	NA	6	5	NA
rs71404635	chr2:241031416	(-/AAAAT)	0.2578	-357441	1.0	0.0227	NA	NA	.	NA
rs11682315	chr2:241433871	(A/C)	0.2656	45014	1.0	0.0218	NA	7	5	NA
rs1320124	chr2:241292888	(A/G)	0.2656	-95969	1.0	0.0218	NA	5	4	NA
rs12986443	chr2:241565055	(T/C)	0.2656	176198	1.0	0.0218	NA	1	2b	NA
rs2368491	chr2:241168323	(T/C)	0.2656	-220534	1.0	0.0218	NA	3	4	NA
rs1466755	chr2:241166596	(A/C)	0.2656	-222261	1.0	0.0218	NA	5	4	NA
rs10181446	chr2:241164095	(C/T)	0.2656	-224762	1.0	0.0218	NA	4	4	NA
rs7592564	chr2:241162518	(C/T)	0.2656	-226339	1.0	0.0218	NA	8	5	NA
rs201917032	chr2:241621799	(C/-)	0.2656	232942	1.0	0.0218	NA	2	.	frameshift
rs200805436	chr2:241632668	(G/C)	0.2656	243811	1.0	0.0218	NA	NA	5	NA
rs2288752	chr2:241710083	(A/G)	0.2656	321226	1.0	0.0218	NA	8	5	NA
rs35903022	chr2:241757751	(C/A)	0.2656	368894	1.0	0.0218	NA	8	4	NA
rs75953596	chr2:241759892	(A/G)	0.2656	371035	1.0	0.0218	NA	10	4	NA
rs4234125	chr2:241760574	(T/C)	0.2656	371717	1.0	0.0218	NA	10	4	NA
rs62187178	chr2:241403976	(C/T)	0.2734	15119	1.0	0.0209	NA	1	3a	NA
rs141464223	chr2:241560665	(-/TTAT)	0.2734	171808	1.0	0.0209	NA	2	.	NA
rs201435186	chr2:241620918	(C/G)	0.2734	232061	1.0	0.0209	NA	NA	5	NA
rs1583262	chr2:241644718	(T/C)	0.2734	255861	1.0	0.0209	NA	7	4	NA
rs1001495	chr2:241647342	(T/C)	0.2734	258485	1.0	0.0209	NA	7	4	NA
rs4998258	chr2:241726208	(G/A)	0.2734	337351	1.0	0.0209	NA	1	5	NA
rs62187837	chr2:241746499	(G/A)	0.2734	357642	1.0	0.0209	NA	NA	6	NA
rs35737592	chr2:241565066	(-/G)	0.2812	176209	1.0	0.0201	NA	NA	.	NA
rs885524	chr2:241155062	(A/G)	0.2812	-233795	1.0	0.0201	NA	8	5	NA
rs885523	chr2:241155061	(A/G)	0.2812	-233796	1.0	0.0201	NA	8	5	NA
rs371249117	chr2:241630992	(T/G)	0.2812	242135	1.0	0.0201	NA	2	5	NA
rs61470039	chr2:241646339	(A/T)	0.2812	257482	1.0	0.0201	NA	7	6	NA
rs10174559	chr2:241676776	(G/A)	0.2812	287919	1.0	0.0201	NA	6	5	NA
rs142113672	chr2:241747924	(AAT/-)	0.2812	359067	1.0	0.0201	NA	NA	.	NA
rs7589322	chr2:241385823	(A/G)	0.2891	-3034	1.0	0.0194	NA	7	4	NA
rs35165417	chr2:241400477	(-/G)	0.2891	11620	1.0	0.0194	NA	2	.	NA
rs12695021	chr2:241403965	(C/T)	0.2891	15108	1.0	0.0194	NA	1	3a	NA
rs35668278	chr2:241562746	(C/T)	0.2891	173889	1.0	0.0194	NA	10	4	NA
rs202221536	chr2:241619674	(C/T)	0.2891	230817	1.0	0.0194	NA	NA	5	NA
rs35498171	chr2:241781390	(A/-)	0.2891	392533	1.0	0.0194	NA	NA	.	NA
rs56072426	chr2:241800005	(C/A)	0.2891	411148	1.0	0.0194	NA	8	5	NA
rs4355101	chr2:241811777	(C/A)	0.2891	422920	1.0	0.0194	NA	1	3a	NA
rs10933640	chr2:241813782	(G/A)	0.2891	424925	1.0	0.0194	NA	10	2a	NA
rs11685653	chr2:241385584	(G/T)	0.2969	-3273	1.0	0.0186	NA	8	4	NA
rs6437344	chr2:241399578	(T/C)	0.2969	10721	1.0	0.0186	NA	10	4	NA
rs3828333	chr2:241375012	(C/T)	0.2969	-13845	1.0	0.0186	NA	10	2b	NA
rs2368492	chr2:241155632	(G/A)	0.2969	-233225	1.0	0.0186	NA	8	2b	NA
rs3755532	chr2:241667284	(G/A)	0.2969	278427	1.0	0.0186	NA	8	2b	NA
rs12478859	chr2:241815307	(C/T)	0.2969	426450	1.0	0.0186	NA	8	2b	NA
rs11893121	chr2:241828338	(C/A)	0.2969	439481	1.0	0.0186	NA	3	4	NA
rs56290312	chr2:241828339	(C/A)	0.2969	439482	1.0	0.0186	NA	8	4	NA
rs34234287	chr2:241410677	(-/T)	0.3047	21820	1.0	0.018	NA	NA	.	NA
rs12477831	chr2:241295856	(G/A)	0.3047	-93001	1.0	0.018	NA	8	3a	NA
rs7609147	chr2:241496567	(A/G)	0.3047	107710	1.0	0.018	NA	10	2b	NA
rs6760416	chr2:241170632	(A/G)	0.3047	-218225	1.0	0.018	NA	3	6	NA
rs12989742	chr2:241729077	(T/C)	0.3047	340220	1.0	0.018	NA	7	4	NA
rs111772073	chr2:241740414	(TTTTAT/-)	0.3047	351557	1.0	0.018	NA	NA	.	NA
rs4676442	chr2:241740907	(T/C)	0.3047	352050	1.0	0.018	NA	6	7	NA
rs4676441	chr2:241741366	(G/C)	0.3047	352509	1.0	0.018	NA	8	5	NA
rs6414222	chr2:241743027	(C/T)	0.3047	354170	1.0	0.018	NA	5	7	NA
rs4459733	chr2:241743411	(G/A)	0.3047	354554	1.0	0.018	NA	6	5	NA
rs13020254	chr2:241811870	(A/C)	0.3047	423013	1.0	0.018	NA	1	4	NA
rs12477800	chr2:241830132	(T/C)	0.3047	441275	1.0	0.018	NA	8	4	NA
rs12464586	chr2:241830140	(G/C)	0.3047	441283	1.0	0.018	NA	8	4	NA
rs12472823	chr2:241830145	(C/T)	0.3047	441288	1.0	0.018	NA	8	2b	NA
rs7599776	chr2:241388159	(A/G)	0.3125	-698	1.0	0.0173	NA	10	2b	NA
rs4676406	chr2:241579108	(G/T)	0.3125	190251	1.0	0.0173	NA	6	5	NA
rs59638435	chr2:241098272	(T/C)	0.3125	-290585	1.0	0.0173	NA	4	3a	NA
rs34660127	chr2:241096281	(C/T)	0.3125	-292576	1.0	0.0173	NA	4	3a	NA
rs2088226	chr2:241092460	(A/G)	0.3125	-296397	1.0	0.0173	NA	5	6	NA
rs60783171	chr2:241740727	(A/-)	0.3125	351870	1.0	0.0173	NA	NA	.	NA
rs7599943	chr2:241741977	(C/T)	0.3125	353120	1.0	0.0173	NA	6	7	NA
rs10933566	chr2:240993114	(C/T)	0.3125	-395743	1.0	0.0173	NA	7	4	NA
rs34515325	chr2:240990207	(C/T)	0.3125	-398650	1.0	0.0173	NA	5	6	NA
rs143810849	chr2:240982080	(C/G)	0.3125	-406777	1.0	0.0173	NA	NA	7	NA
rs1004897	chr2:240980394	(C/T)	0.3125	-408463	1.0	0.0173	NA	8	5	NA
rs58472201	chr2:240966872	(C/A)	0.3125	-421985	1.0	0.0173	NA	7	5	NA
rs62189565	chr2:241811809	(T/A)	0.3125	422952	1.0	0.0173	NA	1	2b	NA
rs4149541	chr2:240957734	(G/A)	0.3125	-431123	1.0	0.0173	NA	6	5	NA
rs34789127	chr2:240952002	(C/T)	0.3125	-436855	1.0	0.0173	NA	6	5	NA
rs12478169	chr2:240951603	(C/T)	0.3125	-437254	1.0	0.0173	NA	5	5	NA
rs6759908	chr2:241828435	(C/T)	0.3125	439578	1.0	0.0173	NA	8	4	NA
rs6711998	chr2:241828528	(T/C)	0.3125	439671	1.0	0.0173	NA	8	2b	NA
rs6760483	chr2:241828945	(C/T)	0.3125	440088	1.0	0.0173	NA	8	4	NA
rs7600652	chr2:241829249	(G/T)	0.3125	440392	1.0	0.0173	NA	10	2b	NA
rs10933511	chr2:241829988	(C/T)	0.3125	441131	1.0	0.0173	NA	8	5	NA
rs12477839	chr2:241830229	(T/C)	0.3125	441372	1.0	0.0173	NA	8	2b	NA
rs35733632	chr2:241830704	(A/G)	0.3125	441847	1.0	0.0173	NA	8	2b	NA
rs10171053	chr2:241830944	(G/T)	0.3125	442087	1.0	0.0173	NA	8	5	NA
rs10171067	chr2:241830969	(G/A)	0.3125	442112	1.0	0.0173	NA	8	4	synonymous
"rs10195453	chr2:241831005	(C/T)	0.3125	442148	1.0	0.0173	NA	6	4	missense,synonymous"
rs6737320	chr2:241831264	(G/A)	0.3125	442407	1.0	0.0173	NA	8	4	NA
rs6709469	chr2:241831296	(C/G)	0.3125	442439	1.0	0.0173	NA	8	3a	NA
rs6709742	chr2:241831471	(C/T)	0.3125	442614	1.0	0.0173	NA	6	4	NA
rs6724533	chr2:241831472	(A/G)	0.3125	442615	1.0	0.0173	NA	6	4	NA
rs6737966	chr2:241831792	(G/A)	0.3125	442935	1.0	0.0173	NA	8	4	NA
rs62186561	chr2:241832357	(C/T)	0.3125	443500	1.0	0.0173	NA	8	2b	NA
rs12105664	chr2:241832564	(C/G)	0.3125	443707	1.0	0.0173	NA	8	2b	NA
rs12105667	chr2:241832773	(C/T)	0.3125	443916	1.0	0.0173	NA	8	4	NA
rs10933512	chr2:241832941	(T/C)	0.3125	444084	1.0	0.0173	NA	3	2b	NA
rs13390816	chr2:241833610	(T/C)	0.3125	444753	1.0	0.0173	NA	9	4	NA
rs6718540	chr2:241833879	(C/T)	0.3125	445022	1.0	0.0173	NA	7	4	NA
rs6721874	chr2:241834373	(C/T)	0.3125	445516	1.0	0.0173	NA	8	5	NA
rs6749803	chr2:241834607	(G/A)	0.3125	445750	1.0	0.0173	NA	8	4	NA
rs10173475	chr2:241834706	(A/G)	0.3125	445849	1.0	0.0173	NA	6	4	NA
rs4468809	chr2:241834944	(T/C)	0.3125	446087	1.0	0.0173	NA	8	4	synonymous
rs12105122	chr2:241835379	(G/A)	0.3125	446522	1.0	0.0173	NA	8	4	synonymous
rs10933514	chr2:241835432	(G/A)	0.3125	446575	1.0	0.0173	NA	8	2b	NA
rs10206101	chr2:241835543	(A/C)	0.3125	446686	1.0	0.0173	NA	9	4	NA
rs10933515	chr2:241835946	(T/C)	0.3125	447089	1.0	0.0173	NA	8	2b	NA
rs10933516	chr2:241836140	(T/C)	0.3125	447283	1.0	0.0173	NA	8	3a	NA
rs10933517	chr2:241836338	(T/C)	0.3125	447481	1.0	0.0173	NA	10	4	NA
rs34172192	chr2:241836360	(C/-)	0.3125	447503	1.0	0.0173	NA	NA	.	NA
rs9973765	chr2:241837000	(C/T)	0.3125	448143	1.0	0.0173	NA	7	4	NA
rs11433854	chr2:241837119	(-/C)	0.3125	448262	1.0	0.0173	NA	2	.	NA
rs12105931	chr2:241837129	(A/C)	0.3125	448272	1.0	0.0173	NA	8	2b	NA
rs6734159	chr2:241837513	(C/T)	0.3125	448656	1.0	0.0173	NA	8	2a	NA
rs11677318	chr2:241839281	(T/A)	0.3125	450424	1.0	0.0173	NA	6	3a	NA
rs35885627	chr2:241840445	(G/C)	0.3125	451588	1.0	0.0173	NA	6	5	NA
rs35504295	chr2:241840506	(C/T)	0.3125	451649	1.0	0.0173	NA	6	5	NA
rs34277046	chr2:240897331	(G/A)	0.3125	-491526	1.0	0.0173	NA	8	5	NA
rs4854001	chr2:241107063	(G/T)	0.3203	-281794	1.0	0.0167	NA	6	5	NA
rs56276888	chr2:241099300	(C/T)	0.3203	-289557	1.0	0.0167	NA	3	7	NA
rs61277584	chr2:241774015	(A/G)	0.3203	385158	1.0	0.0167	NA	7	4	NA
rs4676386	chr2:241774986	(A/C)	0.3203	386129	1.0	0.0167	NA	7	5	NA
rs6715507	chr2:241775509	(A/G)	0.3203	386652	1.0	0.0167	NA	2	5	NA
rs145620667	chr2:240969483	(G/A)	0.3203	-419374	1.0	0.0167	NA	NA	5	missense
rs10187574	chr2:240969312	(A/G)	0.3203	-419545	1.0	0.0167	NA	4	5	missense
rs59995811	chr2:240965551	(-/T)	0.3203	-423306	1.0	0.0167	NA	NA	.	NA
rs10171750	chr2:241823276	(C/T)	0.3203	434419	1.0	0.0167	NA	5	7	NA
rs4675873	chr2:241823407	(C/T)	0.3203	434550	1.0	0.0167	NA	5	7	NA
rs4675872	chr2:241823453	(G/T)	0.3203	434596	1.0	0.0167	NA	8	5	NA
rs2289407	chr2:240954110	(A/G)	0.3203	-434747	1.0	0.0167	NA	6	7	NA
rs10439370	chr2:241824259	(C/T)	0.3203	435402	1.0	0.0167	NA	8	4	NA
rs2278592	chr2:240953374	(G/A)	0.3203	-435483	1.0	0.0167	NA	5	5	NA
rs10177736	chr2:241824529	(C/T)	0.3203	435672	1.0	0.0167	NA	7	4	NA
rs10177846	chr2:241824647	(C/T)	0.3203	435790	1.0	0.0167	NA	6	4	NA
rs7601670	chr2:241824983	(T/C)	0.3203	436126	1.0	0.0167	NA	7	5	NA
rs13397515	chr2:241826050	(C/T)	0.3203	437193	1.0	0.0167	NA	8	4	NA
rs13422330	chr2:241826139	(G/A)	0.3203	437282	1.0	0.0167	NA	10	2b	NA
"rs6708304	chr2:241828012	(T/C)	0.3203	439155	1.0	0.0167	NA	7	4	missense,synonymous"
rs3838575	chr2:240945132	(-/T)	0.3203	-443725	1.0	0.0167	NA	2	.	NA
rs4149545	chr2:240942818	(G/T)	0.3203	-446039	1.0	0.0167	NA	8	5	NA
rs4149547	chr2:240933308	(C/T)	0.3203	-455549	1.0	0.0167	NA	7	5	NA
rs4854058	chr2:240923677	(C/A)	0.3203	-465180	1.0	0.0167	NA	4	7	NA
rs11290557	chr2:240923650	(A/-)	0.3203	-465207	1.0	0.0167	NA	NA	.	NA
rs878925	chr2:240918502	(A/G)	0.3203	-470355	1.0	0.0167	NA	8	5	NA
rs4149556	chr2:240915307	(C/T)	0.3203	-473550	1.0	0.0167	NA	6	5	NA
rs58652766	chr2:240904884	(G/A)	0.3203	-483973	1.0	0.0167	NA	8	4	NA
rs6748327	chr2:240902511	(G/A)	0.3203	-486346	1.0	0.0167	NA	6	4	NA
rs7590071	chr2:240900947	(G/C)	0.3203	-487910	1.0	0.0167	NA	8	4	NA
rs10206993	chr2:240900919	(C/A)	0.3203	-487938	1.0	0.0167	NA	8	4	NA
rs138479490	chr2:240900607	(G/-)	0.3203	-488250	1.0	0.0167	NA	2	.	NA
rs13424612	chr2:240900121	(C/T)	0.3203	-488736	1.0	0.0167	NA	7	1f	NA
rs66534347	chr2:240899346	(G/A)	0.3203	-489511	1.0	0.0167	NA	7	4	NA
rs6722129	chr2:241382620	(C/G)	0.3281	-6237	1.0	0.0161	NA	6	4	NA
rs112514842	chr2:241448176	(ATGA/-)	0.3281	59319	1.0	0.0161	NA	2	.	NA
rs10165842	chr2:241313129	(A/G)	0.3281	-75728	1.0	0.0161	NA	6	5	NA
rs11885409	chr2:241313115	(T/C)	0.3281	-75742	1.0	0.0161	NA	7	5	NA
rs60991690	chr2:241310822	(CAGCAGCGGT/-)	0.3281	-78035	1.0	0.0161	NA	NA	.	NA
rs12476556	chr2:241310191	(A/G)	0.3281	-78666	1.0	0.0161	NA	10	2b	NA
rs10933626	chr2:241584823	(G/A)	0.3281	195966	1.0	0.0161	NA	7	5	NA
rs4676400	chr2:241587093	(G/T)	0.3281	198236	1.0	0.0161	NA	8	3a	NA
rs4149544	chr2:240943162	(G/A)	0.3281	-445695	1.0	0.0161	NA	8	7	NA
rs10193610	chr2:240940618	(A/G)	0.3281	-448239	1.0	0.0161	NA	4	6	NA
rs1465880	chr2:240932326	(G/A)	0.3281	-456531	1.0	0.0161	NA	6	5	NA
rs34738063	chr2:240926364	(-/T)	0.3281	-462493	1.0	0.0161	NA	2	.	NA
rs4149551	chr2:240921463	(C/T)	0.3281	-467394	1.0	0.0161	NA	8	1f	NA
rs34849118	chr2:240919912	(T/C)	0.3281	-468945	1.0	0.0161	NA	6	7	NA
rs34036698	chr2:240909304	(AG/-)	0.3281	-479553	1.0	0.0161	NA	2	.	NA
rs10189996	chr2:240908800	(G/A)	0.3281	-480057	1.0	0.0161	NA	7	5	NA
rs12466838	chr2:240893427	(G/A)	0.3281	-495430	1.0	0.0161	NA	10	4	NA
rs13419708	chr2:241385614	(C/G)	0.3359	-3243	1.0	0.0156	NA	8	2b	NA
rs12467087	chr2:241315190	(T/C)	0.3359	-73667	1.0	0.0156	NA	6	5	NA
rs12466845	chr2:241314457	(T/C)	0.3359	-74400	1.0	0.0156	NA	6	5	NA
rs2352843	chr2:241313594	(A/G)	0.3359	-75263	1.0	0.0156	NA	9	4	NA
rs7582366	chr2:241312720	(T/C)	0.3359	-76137	1.0	0.0156	NA	6	5	NA
rs7573710	chr2:241312636	(C/T)	0.3359	-76221	1.0	0.0156	NA	8	2b	NA
rs7582065	chr2:241312511	(T/G)	0.3359	-76346	1.0	0.0156	NA	8	2b	NA
rs7578791	chr2:241312483	(A/G)	0.3359	-76374	1.0	0.0156	NA	8	2b	NA
rs12474931	chr2:241310268	(C/T)	0.3359	-78589	1.0	0.0156	NA	9	5	NA
rs12474928	chr2:241310259	(C/T)	0.3359	-78598	1.0	0.0156	NA	9	5	NA
rs7587459	chr2:241308954	(T/C)	0.3359	-79903	1.0	0.0156	NA	9	4	NA
rs4996998	chr2:241306459	(T/C)	0.3359	-82398	1.0	0.0156	NA	6	2b	NA
rs3828337	chr2:241305819	(C/G)	0.3359	-83038	1.0	0.0156	NA	6	3a	NA
rs3811627	chr2:241304985	(A/G)	0.3359	-83872	1.0	0.0156	NA	5	5	NA
rs4328629	chr2:241631476	(C/G)	0.3359	242619	1.0	0.0156	NA	8	1f	NA
rs4676367	chr2:241722761	(A/G)	0.3359	333904	1.0	0.0156	NA	6	4	NA
rs13409716	chr2:241385615	(G/A)	0.3438	-3242	1.0	0.015	NA	8	2b	NA
rs2292832	chr2:241395503	(T/C)	0.3438	6646	1.0	0.015	NA	10	2b	NA
rs10189814	chr2:241299504	(T/C)	0.3438	-89353	1.0	0.015	NA	6	5	NA
rs57862087	chr2:241298145	(T/G)	0.3438	-90712	1.0	0.015	NA	1	5	NA
rs7609518	chr2:241297036	(C/T)	0.3438	-91821	1.0	0.015	NA	3	5	NA
rs10174868	chr2:241290364	(T/C)	0.3438	-98493	1.0	0.015	NA	6	4	NA
rs10445835	chr2:241280167	(C/T)	0.3438	-108690	1.0	0.015	NA	6	5	NA
rs4676426	chr2:241500674	(C/G)	0.3438	111817	1.0	0.015	NA	10	4	NA
rs4854088	chr2:241170852	(A/C)	0.3438	-218005	1.0	0.015	NA	7	5	NA
rs56075923	chr2:241623560	(C/T)	0.3438	234703	1.0	0.015	NA	8	5	NA
rs4854000	chr2:241107124	(G/A)	0.3438	-281733	1.0	0.015	NA	6	5	NA
rs4854004	chr2:241105442	(A/T)	0.3438	-283415	1.0	0.015	NA	5	5	NA
rs756064598	chr2:241713808	(C/-)	0.3438	324951	1.0	0.015	NA	NA	.	NA
rs4676368	chr2:241719225	(C/T)	0.3438	330368	1.0	0.015	NA	8	4	NA
rs2288749	chr2:241722613	(A/G)	0.3438	333756	1.0	0.015	NA	7	2b	NA
rs12467120	chr2:240894275	(G/A)	0.3438	-494582	1.0	0.015	NA	10	1b	NA
rs6437331	chr2:241315937	(C/T)	0.3516	-72920	1.0	0.0145	NA	8	5	NA
rs10205776	chr2:241315147	(G/A)	0.3516	-73710	1.0	0.0145	NA	6	5	NA
rs12328123	chr2:241313425	(T/C)	0.3516	-75432	1.0	0.0145	NA	9	5	NA
rs4571052	chr2:241307312	(G/T)	0.3516	-81545	1.0	0.0145	NA	8	5	NA
rs2352838	chr2:241281421	(T/C)	0.3516	-107436	1.0	0.0145	NA	5	5	NA
rs12989284	chr2:241209423	(G/C)	0.3516	-179434	1.0	0.0145	NA	6	4	NA
rs58016843	chr2:241207274	(G/A)	0.3516	-181583	1.0	0.0145	NA	5	7	NA
rs55842451	chr2:241204609	(C/T)	0.3516	-184248	1.0	0.0145	NA	7	6	NA
rs11673850	chr2:241189144	(C/T)	0.3516	-199713	1.0	0.0145	NA	10	2b	NA
rs7581333	chr2:241108980	(C/G)	0.3516	-279877	1.0	0.0145	NA	6	5	NA
rs734586	chr2:241734754	(T/C)	0.3516	345897	1.0	0.0145	NA	6	5	NA
rs10933552	chr2:240971519	(T/C)	0.3516	-417338	1.0	0.0145	NA	4	5	NA
rs4676354	chr2:241456250	(G/A)	0.3594	67393	1.0	0.014	NA	6	5	NA
rs1320126	chr2:241314319	(A/G)	0.3594	-74538	1.0	0.014	NA	NA	5	NA
rs10188576	chr2:241307202	(C/T)	0.3594	-81655	1.0	0.014	NA	8	5	NA
rs10933594	chr2:241288858	(G/A)	0.3594	-99999	1.0	0.014	NA	5	2b	NA
rs5839810	chr2:241281715	(A/-)	0.3594	-107142	1.0	0.014	NA	NA	.	NA
rs2953156	chr2:241570736	(A/G)	0.3594	181879	1.0	0.014	NA	8	5	NA
rs6725635	chr2:241757349	(G/C)	0.3594	368492	1.0	0.014	NA	6	4	NA
rs7340215	chr2:241805851	(A/G)	0.3594	416994	1.0	0.014	NA	6	6	NA
rs3811625	chr2:241305547	(C/A)	0.3672	-83310	1.0	0.0136	NA	6	3a	NA
rs11674831	chr2:241289954	(C/A)	0.3672	-98903	1.0	0.0136	NA	6	4	NA
rs2352839	chr2:241281197	(G/A)	0.3672	-107660	1.0	0.0136	NA	4	5	NA
rs10192068	chr2:241549085	(C/T)	0.3672	160228	1.0	0.0136	NA	6	5	NA
rs3957321	chr2:241551727	(T/C)	0.3672	162870	1.0	0.0136	NA	9	5	NA
rs4276057	chr2:241216800	(G/C)	0.3672	-172057	1.0	0.0136	NA	7	4	NA
rs10933587	chr2:241216673	(C/T)	0.3672	-172184	1.0	0.0136	NA	8	4	NA
rs10153794	chr2:241215701	(G/A)	0.3672	-173156	1.0	0.0136	NA	5	7	NA
rs35263560	chr2:241562727	(C/T)	0.3672	173870	1.0	0.0136	NA	8	3a	NA
rs62185592	chr2:241214418	(G/A)	0.3672	-174439	1.0	0.0136	NA	7	2b	NA
rs10206359	chr2:241209430	(T/A)	0.3672	-179427	1.0	0.0136	NA	7	4	NA
rs12470823	chr2:241208640	(G/A)	0.3672	-180217	1.0	0.0136	NA	6	4	NA
rs1587161	chr2:241206503	(A/G)	0.3672	-182354	1.0	0.0136	NA	6	6	NA
rs872845	chr2:241197923	(T/C)	0.3672	-190934	1.0	0.0136	NA	8	5	NA
rs2368497	chr2:241197917	(A/G)	0.3672	-190940	1.0	0.0136	NA	7	5	NA
rs10933586	chr2:241194794	(C/G)	0.3672	-194063	1.0	0.0136	NA	7	4	NA
rs1009283	chr2:241194081	(C/T)	0.3672	-194776	1.0	0.0136	NA	7	5	NA
rs7595693	chr2:241193079	(C/T)	0.3672	-195778	1.0	0.0136	NA	6	5	NA
rs34752049	chr2:241603865	(-/A)	0.3672	215008	1.0	0.0136	NA	NA	.	NA
rs7577069	chr2:241080489	(T/C)	0.3672	-308368	1.0	0.0136	NA	7	5	NA
rs903759	chr2:241078945	(C/T)	0.3672	-309912	1.0	0.0136	NA	6	5	NA
rs13410533	chr2:241077284	(C/A)	0.3672	-311573	1.0	0.0136	NA	8	5	NA
rs28635508	chr2:241067897	(G/C)	0.3672	-320960	1.0	0.0136	NA	8	3a	NA
rs4676355	chr2:241755695	(G/T)	0.3672	366838	1.0	0.0136	NA	6	4	NA
rs73104100	chr2:241437278	(G/A)	0.375	48421	1.0	0.0131	NA	6	5	NA
rs7592858	chr2:241290988	(T/G)	0.375	-97869	1.0	0.0131	NA	6	3a	NA
rs7589463	chr2:241290910	(A/G)	0.375	-97947	1.0	0.0131	NA	6	3a	NA
rs2352831	chr2:241288677	(G/A)	0.375	-100180	1.0	0.0131	NA	6	4	NA
rs11677104	chr2:241283626	(T/G)	0.375	-105231	1.0	0.0131	NA	5	5	NA
rs58180652	chr2:241283262	(G/A)	0.375	-105595	1.0	0.0131	NA	4	5	NA
rs7579238	chr2:241282787	(A/G)	0.375	-106070	1.0	0.0131	NA	5	5	NA
rs12619804	chr2:241547411	(T/C)	0.375	158554	1.0	0.0131	NA	5	4	NA
rs56762428	chr2:241552514	(G/A)	0.375	163657	1.0	0.0131	NA	9	2a	NA
rs143669558	chr2:241214210	(-/A)	0.375	-174647	1.0	0.0131	NA	NA	.	NA
rs2279689	chr2:241192276	(C/T)	0.375	-196581	1.0	0.0131	NA	8	5	NA
rs11674037	chr2:241183546	(C/T)	0.375	-205311	1.0	0.0131	NA	6	5	NA
rs202232559	chr2:241629139	(C/A)	0.375	240282	1.0	0.0131	NA	NA	5	NA
rs72620856	chr2:241629418	(C/T)	0.375	240561	1.0	0.0131	NA	2	5	NA
rs57455629	chr2:241629673	(T/C)	0.375	240816	1.0	0.0131	NA	8	5	NA
rs2288756	chr2:241629696	(G/A)	0.375	240839	1.0	0.0131	NA	8	5	NA
rs2288755	chr2:241629697	(C/T)	0.375	240840	1.0	0.0131	NA	8	5	NA
rs903756	chr2:241092808	(A/G)	0.375	-296049	1.0	0.0131	NA	5	5	NA
rs10196375	chr2:241685822	(C/T)	0.375	296965	1.0	0.0131	NA	6	5	NA
rs3749078	chr2:241073450	(C/T)	0.375	-315407	1.0	0.0131	NA	7	5	NA
rs7567372	chr2:241069831	(C/T)	0.375	-319026	1.0	0.0131	NA	7	4	NA
rs28590309	chr2:241067722	(G/C)	0.375	-321135	1.0	0.0131	NA	8	5	NA
rs12463686	chr2:241066952	(G/A)	0.375	-321905	1.0	0.0131	NA	8	5	NA
rs62187846	chr2:241757007	(A/G)	0.375	368150	1.0	0.0131	NA	7	4	NA
rs6759211	chr2:240993360	(T/C)	0.375	-395497	1.0	0.0131	NA	8	4	NA
rs4234094	chr2:241839423	(A/T)	0.375	450566	1.0	0.0131	NA	8	2c	NA
rs4564767	chr2:241309446	(G/A)	0.3828	-79411	1.0	0.0127	NA	7	4	NA
rs111375208	chr2:241290543	(-/ATACAACC)	0.3828	-98314	1.0	0.0127	NA	NA	.	NA
rs1996441	chr2:241289385	(C/A)	0.3828	-99472	1.0	0.0127	NA	6	2b	NA
rs2352830	chr2:241288709	(T/C)	0.3828	-100148	1.0	0.0127	NA	8	3a	NA
rs7589041	chr2:241286856	(C/T)	0.3828	-102001	1.0	0.0127	NA	5	5	NA
rs2352833	chr2:241284353	(C/A)	0.3828	-104504	1.0	0.0127	NA	4	2b	NA
rs11695904	chr2:241283554	(C/T)	0.3828	-105303	1.0	0.0127	NA	6	5	NA
rs57966743	chr2:241283312	(-/A)	0.3828	-105545	1.0	0.0127	NA	NA	.	NA
rs1316769	chr2:241280728	(G/T)	0.3828	-108129	1.0	0.0127	NA	6	5	NA
rs1317603	chr2:241278164	(A/G)	0.3828	-110693	1.0	0.0127	NA	6	4	NA
rs7570589	chr2:241276176	(C/T)	0.3828	-112681	1.0	0.0127	NA	4	5	NA
rs12620176	chr2:241549378	(A/G)	0.3828	160521	1.0	0.0127	NA	4	6	NA
rs10933620	chr2:241549846	(A/G)	0.3828	160989	1.0	0.0127	NA	8	5	NA
rs13424225	chr2:241214158	(G/T)	0.3828	-174699	1.0	0.0127	NA	7	3a	NA
rs11686256	chr2:241200557	(A/G)	0.3828	-188300	1.0	0.0127	NA	6	2b	NA
rs10183054	chr2:241199485	(C/T)	0.3828	-189372	1.0	0.0127	NA	9	5	NA
rs10180654	chr2:241199358	(C/T)	0.3828	-189499	1.0	0.0127	NA	10	4	NA
rs12619051	chr2:241582136	(G/T)	0.3828	193279	1.0	0.0127	NA	8	4	NA
rs201729591	chr2:241628872	(C/T)	0.3828	240015	1.0	0.0127	NA	NA	5	NA
rs7578279	chr2:241677264	(T/C)	0.3828	288407	1.0	0.0127	NA	5	5	NA
rs112650871	chr2:241699002	(-/CCTCCTGATGGGC)	0.3828	310145	1.0	0.0127	NA	2	.	NA
rs13391736	chr2:241746497	(G/A)	0.3828	357640	1.0	0.0127	NA	NA	6	NA
rs6723544	chr2:241747349	(A/G)	0.3828	358492	1.0	0.0127	NA	5	6	NA
rs4676419	chr2:241765564	(A/G)	0.3828	376707	1.0	0.0127	NA	5	5	NA
rs6718518	chr2:241777882	(C/T)	0.3828	389025	1.0	0.0127	NA	5	5	NA
rs7565385	chr2:241780443	(A/G)	0.3828	391586	1.0	0.0127	NA	8	2b	NA
rs12695032	chr2:241815473	(G/A)	0.3828	426616	1.0	0.0127	NA	10	2b	NA
rs4234093	chr2:241840245	(G/A)	0.3828	451388	1.0	0.0127	NA	7	5	NA
rs11685899	chr2:241842345	(G/A)	0.3828	453488	1.0	0.0127	NA	8	4	NA
rs35305414	chr2:240919012	(AG/-)	0.3828	-469845	1.0	0.0127	NA	NA	.	NA
rs1320130	chr2:241391025	(G/C)	0.3906	2168	1.0	0.0123	NA	7	4	NA
rs7607996	chr2:241470735	(T/C)	0.3906	81878	1.0	0.0123	NA	6	4	NA
rs12475968	chr2:241529680	(G/A)	0.3906	140823	1.0	0.0123	NA	8	4	NA
rs2975762	chr2:241531737	(A/G)	0.3906	142880	1.0	0.0123	NA	8	2b	NA
rs3792272	chr2:241532340	(A/T)	0.3906	143483	1.0	0.0123	NA	6	5	NA
rs3749166	chr2:241537421	(G/A)	0.3906	148564	1.0	0.0123	NA	8	3a	synonymous
rs58715822	chr2:241537617	(C/-)	0.3906	148760	1.0	0.0123	NA	2	.	NA
rs3749169	chr2:241541233	(G/A)	0.3906	152376	1.0	0.0123	NA	8	2b	NA
rs4676348	chr2:241544190	(C/T)	0.3906	155333	1.0	0.0123	NA	8	1f	NA
rs6437358	chr2:241597150	(G/C)	0.3906	208293	1.0	0.0123	NA	6	5	NA
rs4414678	chr2:241680633	(G/T)	0.3906	291776	1.0	0.0123	NA	8	5	NA
rs2029849	chr2:241094240	(A/G)	0.3906	-294617	1.0	0.0123	NA	7	5	NA
rs747741	chr2:241073170	(C/T)	0.3906	-315687	1.0	0.0123	NA	8	5	NA
rs5027087	chr2:241745721	(A/C)	0.3906	356864	1.0	0.0123	NA	7	5	NA
rs6723542	chr2:241747341	(A/G)	0.3906	358484	1.0	0.0123	NA	4	6	NA
rs74000011	chr2:241758155	(G/A)	0.3906	369298	1.0	0.0123	NA	10	4	NA
rs75259780	chr2:241760159	(G/T)	0.3906	371302	1.0	0.0123	NA	10	4	NA
rs4676421	chr2:241765080	(A/G)	0.3906	376223	1.0	0.0123	NA	8	5	NA
rs4234121	chr2:241769281	(T/G)	0.3906	380424	1.0	0.0123	NA	6	2b	NA
rs4676347	chr2:241770943	(A/T)	0.3906	382086	1.0	0.0123	NA	6	3a	NA
rs12616986	chr2:241775224	(G/C)	0.3906	386367	1.0	0.0123	NA	8	4	NA
rs12620706	chr2:241775226	(A/T)	0.3906	386369	1.0	0.0123	NA	8	4	NA
rs13020858	chr2:241782030	(A/G)	0.3906	393173	1.0	0.0123	NA	3	7	NA
rs35758918	chr2:240953500	(-/A)	0.3906	-435357	1.0	0.0123	NA	NA	.	NA
rs11895030	chr2:241841658	(G/C)	0.3906	452801	1.0	0.0123	NA	8	3a	NA
rs10182251	chr2:241842530	(A/G)	0.3906	453673	1.0	0.0123	NA	8	4	NA
rs10180897	chr2:241442591	(G/A)	0.3984	53734	1.0	0.0119	NA	8	5	NA
rs4676435	chr2:241448001	(T/C)	0.3984	59144	1.0	0.0119	NA	6	4	NA
rs10933596	chr2:241326701	(T/C)	0.3984	-62156	1.0	0.0119	NA	7	4	NA
rs6708668	chr2:241607280	(G/A)	0.3984	218423	1.0	0.0119	NA	7	2b	NA
rs79612768	chr2:241759237	(C/A)	0.3984	370380	1.0	0.0119	NA	10	3a	NA
rs6755741	chr2:241767141	(C/T)	0.3984	378284	1.0	0.0119	NA	8	5	NA
rs11691924	chr2:241783067	(C/T)	0.3984	394210	1.0	0.0119	NA	7	4	NA
rs56137336	chr2:241393039	(T/C)	0.4062	4182	1.0	0.0115	NA	8	4	NA
rs6437347	chr2:241444857	(T/C)	0.4062	56000	1.0	0.0115	NA	4	5	NA
rs76674525	chr2:241239569	(A/T)	0.4062	-149288	1.0	0.0115	NA	NA	5	NA
rs11893711	chr2:241239567	(A/T)	0.4062	-149290	1.0	0.0115	NA	NA	5	NA
rs4676404	chr2:241579218	(T/C)	0.4062	190361	1.0	0.0115	NA	8	5	NA
rs3772057	chr2:241684143	(G/C)	0.4062	295286	1.0	0.0115	NA	7	4	NA
rs3821345	chr2:241703960	(G/T)	0.4062	315103	1.0	0.0115	NA	8	5	NA
rs6437256	chr2:240973477	(C/T)	0.4062	-415380	1.0	0.0115	NA	5	7	NA
rs10186784	chr2:241170660	(C/T)	0.4141	-218197	1.0	0.0111	NA	3	7	NA
rs6736600	chr2:241108545	(A/G)	0.4141	-280312	1.0	0.0111	NA	5	5	NA
rs12473685	chr2:241707800	(T/C)	0.4141	318943	1.0	0.0111	NA	8	5	NA
rs10207548	chr2:241717828	(A/G)	0.4141	328971	1.0	0.0111	NA	8	3a	NA
rs7582275	chr2:241558547	(G/A)	0.4219	169690	1.0	0.0108	NA	8	5	NA
rs4676448	chr2:241692539	(A/C)	0.4219	303682	1.0	0.0108	NA	7	4	NA
rs12477951	chr2:241717597	(A/G)	0.4219	328740	1.0	0.0108	NA	8	2b	NA
rs4676366	chr2:241733662	(A/G)	0.4219	344805	1.0	0.0108	NA	9	4	NA
rs10933560	chr2:240985511	(A/G)	0.4219	-403346	1.0	0.0108	NA	6	5	NA
rs11680800	chr2:241793977	(A/G)	0.4219	405120	1.0	0.0108	NA	7	3a	NA
rs34300042	chr2:241294440	(T/C)	0.4297	-94417	1.0	0.0105	NA	1	4	NA
rs903750	chr2:241198202	(C/T)	0.4297	-190655	1.0	0.0105	NA	10	5	NA
rs1253967338	chr2:241160106	(-/GT)	0.4297	-228751	1.0	0.0105	NA	NA	.	NA
rs13026718	chr2:241716928	(T/C)	0.4297	328071	1.0	0.0105	NA	7	4	NA
rs10933638	chr2:241794655	(G/A)	0.4297	405798	1.0	0.0105	NA	7	4	NA
rs4401206	chr2:241796905	(A/G)	0.4297	408048	1.0	0.0105	NA	10	3a	NA
rs6437371	chr2:241797424	(G/C)	0.4297	408567	1.0	0.0105	NA	7	4	NA
rs4465762	chr2:241798862	(G/A)	0.4297	410005	1.0	0.0105	NA	6	5	NA
rs11683773	chr2:240972417	(G/A)	0.4297	-416440	1.0	0.0105	NA	8	5	NA
rs10182575	chr2:241806690	(C/T)	0.4297	417833	1.0	0.0105	NA	6	5	NA
rs7576734	chr2:241386262	(G/A)	0.4375	-2595	1.0	0.0101	NA	6	4	NA
rs78075623	chr2:241565492	(T/C)	0.4375	176635	1.0	0.0101	NA	1	5	NA
rs4676408	chr2:241574401	(G/A)	0.4375	185544	1.0	0.0101	NA	8	5	NA
rs78055223	chr2:241172775	(C/A)	0.4375	-216082	1.0	0.0101	NA	8	4	NA
rs10933641	chr2:241813788	(T/C)	0.4375	424931	1.0	0.0101	NA	10	2a	NA
rs11893118	chr2:241828308	(C/G)	0.4375	439451	1.0	0.0101	NA	8	3a	NA
