SNPa,Chromosome,Position,Reference Allele,Effect Allele,EAFc,Overall Breast Cancerd,ER-positivee,ER-negativef,hybrid ER-positiveg,hybrid ER-negativeh,,
1_100880328_A_T,1,100880328,A,T,0.4097,0.0373,0.0355,0.016,0.0373,0.0373,,
1_10566215_A_G,1,10566215,A,G,0.3290,-0.0586,-0.0407,-0.1109,-0.0407,-0.1109,,
1_110198129_CAAA_C,1,110198129,CAAA,C,0.7755,0.0458,0.0545,0.0266,0.0458,0.0458,,
1_114445880_G_A,1,114445880,G,A,0.1664,0.0621,0.0642,0.0579,0.0621,0.0621,,
1_118141492_A_C,1,118141492,A,C,0.2657,0.0452,0.0417,0.0551,0.0452,0.0452,,
1_120257110_T_C,1,120257110,T,C,0.5309,0.0385,0.043,0.0226,0.0430,0.0226,,
1_121280613_A_G,1,121280613,A,G,0.4053,0.0881,0.1052,0.0209,0.1052,0.0209,,
1_121287994_A_G,1,121287994,A,G,0.1060,-0.0673,-0.0814,-0.0114,-0.0814,-0.0114,,
1_145604302_C_CT,1,145604302,C,CT,0.3515,-0.0399,-0.0469,-0.0126,-0.0469,-0.0126,,
1_149906413_T_C,1,149906413,T,C,0.4017,0.0548,0.0625,0.0388,0.0548,0.0548,,
1_155556971_G_A,1,155556971,G,A,0.2302,0.0499,0.0606,0.0263,0.0499,0.0499,,
1_168171052_CA_C,1,168171052,CA,C,0.1097,-0.0680,-0.0774,-0.0718,-0.0680,-0.0680,,
1_172328767_T_TA,1,172328767,T,TA,0.3305,-0.0435,-0.0417,-0.0655,-0.0435,-0.0435,,
1_18807339_T_C,1,18807339,T,C,0.5145,-0.0564,-0.0649,-0.0248,-0.0649,-0.0248,,
1_201437832_C_T,1,201437832,C,T,0.0559,0.0917,0.0815,0.0714,0.0917,0.0917,,
1_202184600_C_T,1,202184600,C,T,0.3992,-0.0065,0.0133,-0.0822,0.0133,-0.0822,,
1_203770448_T_A,1,203770448,T,A,0.2715,0.0498,0.0472,0.0332,0.0498,0.0498,,
1_204502514_T_TTCTGAAACAGGG,1,204502514,T,TTCTGAAACAGGG,0.8028,-0.0321,-0.0024,-0.1345,-0.0024,-0.1345,,
1_208076291_G_A,1,208076291,G,A,0.3337,-0.0366,-0.0313,-0.0278,-0.0366,-0.0366,,
1_217053815_T_G,1,217053815,T,G,0.3280,0.0417,0.0409,0.0472,0.0417,0.0417,,
1_217220574_G_A,1,217220574,G,A,0.2107,-0.0440,-0.0459,0.0029,-0.0459,0.0029,,
1_220671050_C_T,1,220671050,C,T,0.2415,0.0418,0.0482,0.0153,0.0418,0.0418,,
1_242034263_A_G,1,242034263,A,G,0.0305,0.1428,0.1519,0.1413,0.1428,0.1428,,
1_41380440_C_T,1,41380440,C,T,0.6438,0.0426,0.0423,0.0395,0.0426,0.0426,,
1_41389220_T_C,1,41389220,T,C,0.0169,0.1550,0.1377,0.1483,0.1550,0.1550,,
1_46670206_TC_T,1,46670206,TC,T,0.2973,0.0447,0.0595,0.0216,0.0595,0.0216,,
1_51467096_CT_C,1,51467096,CT,C,0.4800,0.0374,0.0426,0.0038,0.0374,0.0374,,
1_7917076_G_A,1,7917076,G,A,0.3899,-0.0409,-0.0393,-0.0566,-0.0409,-0.0409,,
1_88156923_G_A,1,88156923,G,A,0.1487,0.0494,0.058,0.0183,0.0580,0.0183,,
1_88428199_C_A,1,88428199,C,A,0.2477,-0.0387,-0.0385,-0.047,-0.0387,-0.0387,,
2_10138983_T_C,2,10138983,T,C,0.1160,0.0603,0.0596,0.0458,0.0603,0.0603,,
2_121058254_A_G,2,121058254,A,G,0.7047,-0.0334,-0.0232,-0.0682,-0.0232,-0.0682,,
2_121089731_T_C,2,121089731,T,C,0.1943,-0.0427,-0.029,-0.1027,-0.0290,-0.1027,,
2_121159205_G_A,2,121159205,G,A,0.3527,-0.0440,-0.0507,-0.0162,-0.0440,-0.0440,,
2_121246568_T_C,2,121246568,T,C,0.8970,0.0992,0.092,0.1112,0.0992,0.0992,,
2_172974566_C_G,2,172974566,C,G,0.4743,-0.0473,-0.0611,-0.0061,-0.0611,-0.0061,,
2_174212910_A_G,2,174212910,A,G,0.8450,0.0593,0.0621,0.0175,0.0621,0.0175,,
2_192381934_C_T,2,192381934,C,T,0.8588,0.0316,0.018,0.1012,0.0180,0.1012,,
2_19315675_T_A,2,19315675,T,A,0.5599,-0.0331,-0.0229,-0.057,-0.0229,-0.0570,,
2_202204741_T_C,2,202204741,T,C,0.7210,-0.0492,-0.0505,-0.0526,-0.0492,-0.0492,,
2_217920769_G_T,2,217920769,G,T,0.5001,-0.1318,-0.1532,-0.0589,-0.1532,-0.0589,,
2_217955896_GA_G,2,217955896,GA,G,0.0382,-0.2016,-0.2362,-0.0558,-0.2362,-0.0558,,
2_218292158_C_G,2,218292158,C,G,0.7309,-0.0757,-0.0813,-0.0599,-0.0757,-0.0757,,
2_218714845_G_A,2,218714845,G,A,0.3917,-0.0431,-0.0463,-0.0184,-0.0463,-0.0184,,
2_241388857_C_A,2,241388857,C,A,0.9772,-0.1232,-0.1335,-0.1727,-0.1232,-0.1232,,
2_25129473_A_G,2,25129473,A,G,0.4082,-0.0427,-0.0365,-0.067,-0.0427,-0.0427,,
2_29179452_G_C,2,29179452,G,C,0.2287,-0.0066,0.0207,-0.1006,0.0207,-0.1006,,
2_29615233_T_C,2,29615233,T,C,0.2622,-0.0427,-0.0489,-0.0371,-0.0427,-0.0427,,
2_39699510_C_CT,2,39699510,C,CT,0.4659,-0.0402,-0.0336,-0.0538,-0.0402,-0.0402,,
2_70172587_G_A,2,70172587,G,A,0.2787,-0.0412,-0.0334,-0.0361,-0.0412,-0.0412,,
2_88358825_G_C,2,88358825,G,C,0.3080,0.0473,0.0443,0.0505,0.0473,0.0473,,
3_141112859_CTT_C,3,141112859,CTT,C,0.4149,0.0551,0.0607,0.0282,0.0551,0.0551,,
3_172285237_G_A,3,172285237,G,A,0.2131,0.0422,0.0501,-0.0133,0.0501,-0.0133,,
3_189774456_C_T,3,189774456,C,T,0.2235,-0.0478,-0.0469,-0.0449,-0.0478,-0.0478,,
3_27353716_C_A,3,27353716,C,A,0.5259,0.0748,0.0822,0.031,0.0822,0.0310,,
3_27388664_C_G,3,27388664,C,G,0.2735,0.0502,0.0539,0.0297,0.0502,0.0502,,
3_29294845_C_T,3,29294845,C,T,0.0163,-0.1281,-0.1221,-0.2988,-0.1221,-0.2988,,
3_30684907_C_T,3,30684907,C,T,0.2975,0.0592,0.0657,0.017,0.0657,0.0170,,
3_46888198_T_C,3,46888198,T,C,0.1032,-0.0806,-0.0842,-0.0716,-0.0806,-0.0806,,
3_4742251_A_G,3,4742251,A,G,0.3802,0.0616,0.0609,0.0422,0.0616,0.0616,,
3_49709912_C_CT,3,49709912,C,CT,0.2873,-0.0367,-0.0355,-0.0721,-0.0355,-0.0721,,
3_55970777_A_AT,3,55970777,A,AT,0.0305,-0.1195,-0.124,-0.0586,-0.1195,-0.1195,,
3_59373745_C_T,3,59373745,C,T,0.4294,-0.0394,-0.0439,-0.0398,-0.0394,-0.0394,,
3_63887449_T_TTG,3,63887449,T,TTG,0.1297,0.0648,0.0627,0.043,0.0648,0.0648,,
3_71620370_T_G,3,71620370,T,G,0.6382,-0.0374,-0.0345,-0.0379,-0.0374,-0.0374,,
3_87037543_A_G,3,87037543,A,G,0.0921,-0.0723,-0.0726,-0.0531,-0.0723,-0.0723,,
3_99403877_G_A,3,99403877,G,A,0.4852,-0.0376,-0.0378,-0.0279,-0.0376,-0.0376,,
4_106069013_G_T,4,106069013,G,T,0.2289,0.0471,0.0594,0.0097,0.0594,0.0097,,
4_126752992_A_AAT,4,126752992,A,AAT,0.5167,-0.0377,-0.0361,-0.0638,-0.0377,-0.0377,,
4_143467195_C_T,4,143467195,C,T,0.1115,-0.0569,-0.0613,-0.0594,-0.0569,-0.0569,,
4_151218296_CATATTT_C,4,151218296,CATATTT,C,0.6533,0.0388,0.0307,0.0557,0.0388,0.0388,,
4_175842495_G_A,4,175842495,G,A,0.1161,-0.0898,-0.1162,0.0199,-0.1162,0.0199,,
4_175847436_C_A,4,175847436,C,A,0.3433,0.0348,0.0537,-0.0099,0.0537,-0.0099,,
4_187503758_A_T,4,187503758,A,T,0.4471,0.0357,0.0352,0.0194,0.0357,0.0357,,
4_38784633_G_T,4,38784633,G,T,0.2493,0.0489,0.0495,0.0497,0.0489,0.0489,,
4_84370124_TAA_TA,4,84370124,TAA,TA,0.5324,-0.0464,-0.0438,-0.0489,-0.0464,-0.0464,,
4_89240476_G_A,4,89240476,G,A,0.4395,0.0352,0.0392,0.0261,0.0352,0.0352,,
4_92594859_TTCTTTC_T,4,92594859,TTCTTTC,T,0.4445,-0.0407,-0.0377,-0.0359,-0.0407,-0.0407,,
5_104300273_G_T,5,104300273,G,T,0.1810,-0.0487,-0.0524,-0.0271,-0.0487,-0.0487,,
5_122478676_C_A,5,122478676,C,A,0.7448,-0.0386,-0.0376,-0.04,-0.0386,-0.0386,,
5_122705244_C_T,5,122705244,C,T,0.0306,0.0944,0.0963,0.0607,0.0944,0.0944,,
5_1279790_C_T,5,1279790,C,T,0.2592,0.0617,0.0325,0.1502,0.0325,0.1502,,
5_1296255_A_AG,5,1296255,A,AG,0.3072,-0.0549,-0.0417,-0.1056,-0.0417,-0.1056,,
5_131640536_A_G,5,131640536,A,G,0.5427,0.0392,0.0467,0.0099,0.0467,0.0099,,
5_132407058_C_T,5,132407058,C,T,0.2450,-0.0388,-0.0561,-0.0214,-0.0561,-0.0214,,
5_1353077_T_C,5,1353077,T,C,0.0121,0.1552,0.1572,0.1214,0.1552,0.1552,,
5_158244083_C_T,5,158244083,C,T,0.5683,-0.0677,-0.0635,-0.0646,-0.0677,-0.0677,,
5_16231194_G_C,5,16231194,G,C,0.5594,-0.0426,-0.0458,-0.0404,-0.0426,-0.0426,,
5_169591460_T_C,5,169591460,T,C,0.3345,0.0412,0.0501,0.0182,0.0501,0.0182,,
5_173358154_G_A,5,173358154,G,A,0.4074,0.0365,0.0395,0.0346,0.0365,0.0365,,
5_176134882_T_C,5,176134882,T,C,0.5422,0.0363,0.0368,0.0262,0.0363,0.0363,,
5_2777029_G_A,5,2777029,G,A,0.4139,0.0391,0.041,0.0231,0.0391,0.0391,,
5_32579616_TCA_T,5,32579616,TCA,T,0.4844,0.0363,0.0394,0.0072,0.0363,0.0363,,
5_345109_T_C,5,345109,T,C,0.0544,0.0840,0.0856,0.0681,0.0840,0.0840,,
5_44508264_G_GT,5,44508264,G,GT,0.1265,-0.1177,-0.126,-0.1053,-0.1177,-0.1177,,
5_44619502_A_G,5,44619502,A,G,0.1549,-0.1101,-0.1186,-0.0959,-0.1101,-0.1101,,
5_44649944_C_T,5,44649944,C,T,0.6010,0.0492,0.0713,-0.0261,0.0713,-0.0261,,
5_44706498_A_G,5,44706498,A,G,0.2481,0.0497,0.0648,-0.0256,0.0648,-0.0256,,
5_44853593_G_C,5,44853593,G,C,0.3081,-0.0336,-0.0222,-0.0778,-0.0222,-0.0778,,
5_52679539_C_CA,5,52679539,C,CA,0.0998,0.0571,0.0663,0.042,0.0571,0.0571,,
5_55662540_C_CT,5,55662540,C,CT,0.3631,-0.0458,-0.045,-0.0299,-0.0458,-0.0458,,
5_55965167_C_T,5,55965167,C,T,0.5576,0.0394,0.0379,0.0405,0.0394,0.0394,,
5_56023083_T_G,5,56023083,T,G,0.1583,0.1366,0.1612,0.0686,0.1612,0.0686,,
5_56042972_C_T,5,56042972,C,T,0.0521,0.0865,0.1082,0.0058,0.1082,0.0058,,
5_56045081_T_C,5,56045081,T,C,0.1655,-0.0564,-0.0643,-0.0168,-0.0643,-0.0168,,
5_58241712_C_T,5,58241712,C,T,0.5750,-0.0434,-0.0369,-0.0408,-0.0434,-0.0434,,
5_71965007_G_A,5,71965007,G,A,0.2572,-0.0410,-0.0445,-0.0238,-0.0410,-0.0410,,
5_73234583_T_C,5,73234583,T,C,0.3213,-0.0363,-0.0494,-0.0101,-0.0494,-0.0101,,
5_77155397_GT_G,5,77155397,GT,G,0.3466,-0.0408,-0.0418,-0.0489,-0.0408,-0.0408,,
5_79180995_G_GA,5,79180995,G,GA,0.1755,0.0328,0.0248,0.0804,0.0248,0.0804,,
5_81512947_TA_T,5,81512947,TA,T,0.2503,-0.0598,-0.0731,-0.0342,-0.0731,-0.0342,,
5_90789470_G_A,5,90789470,G,A,0.1580,-0.0564,-0.0714,-0.0031,-0.0714,-0.0031,,
6_130341728_C_CT,6,130341728,C,CT,0.7116,0.0472,0.0433,0.0804,0.0472,0.0472,,
6_13713366_G_C,6,13713366,G,C,0.5691,-0.0553,-0.0623,-0.0152,-0.0623,-0.0152,,
6_149595505_T_C,6,149595505,T,C,0.2061,-0.0476,-0.0601,-0.0235,-0.0476,-0.0476,,
6_151949806_A_C,6,151949806,A,C,0.3083,0.0703,0.0541,0.1103,0.0541,0.1103,,
6_151955914_A_G,6,151955914,A,G,0.0713,0.1449,0.115,0.224,0.1150,0.2240,,
6_152022664_CAAAAAAA_C,6,152022664,CAAAAAAA,C,0.6119,0.0137,0.0185,-0.017,0.0137,0.0137,,
6_152023191_G_A,6,152023191,G,A,0.3965,0.0626,0.0509,0.1008,0.0509,0.1008,,
6_152055978_A_T,6,152055978,A,T,0.0627,0.0740,0.0634,0.108,0.0740,0.0740,,
6_152432902_C_T,6,152432902,C,T,0.5146,0.0649,0.0527,0.0965,0.0527,0.0965,,
6_16399557_C_T,6,16399557,C,T,0.3299,-0.0373,-0.0435,-0.0324,-0.0373,-0.0373,,
6_169006947_C_G,6,169006947,C,G,0.5202,-0.0308,-0.0252,-0.0628,-0.0252,-0.0628,,
6_170332621_T_C,6,170332621,T,C,0.6158,0.0373,0.0403,0.0334,0.0373,0.0373,,
6_18783140_G_A,6,18783140,G,A,0.6200,0.0326,0.0478,0.0033,0.0478,0.0033,,
6_20537845_CA_C,6,20537845,CA,C,0.4733,-0.0391,-0.0416,-0.0315,-0.0391,-0.0391,,
6_21923810_T_C,6,21923810,T,C,0.4303,-0.0321,-0.0438,-0.0032,-0.0438,-0.0032,,
6_27425644_G_C,6,27425644,G,C,0.0815,-0.0737,-0.0838,-0.0506,-0.0737,-0.0737,,
6_43227141_G_A,6,43227141,G,A,0.0985,-0.0640,-0.0614,-0.0673,-0.0640,-0.0640,,
6_82263549_AAT_A,6,82263549,AAT,A,0.4262,0.0477,0.0406,0.0686,0.0477,0.0477,,
6_85912194_CAA_C,6,85912194,CAA,C,0.0604,0.0762,0.0569,0.0682,0.0762,0.0762,,
6_87803819_T_C,6,87803819,T,C,0.2770,0.0383,0.0318,0.0678,0.0318,0.0678,,
7_101552440_G_A,7,101552440,G,A,0.1255,-0.0568,-0.0742,-0.0241,-0.0568,-0.0568,,
7_102481842_T_C,7,102481842,T,C,0.3416,0.0418,0.0406,0.0411,0.0418,0.0418,,
7_130656911_C_T,7,130656911,C,T,0.3734,-0.0476,-0.0522,-0.025,-0.0476,-0.0476,,
7_130674481_G_A,7,130674481,G,A,0.2971,0.0416,0.0407,0.028,0.0416,0.0416,,
7_139943702_CT_C,7,139943702,CT,C,0.5381,0.0582,0.0666,0.0057,0.0666,0.0057,,
7_144048902_G_T,7,144048902,G,T,0.2284,-0.0563,-0.0592,-0.0148,-0.0592,-0.0148,,
7_21940960_A_G,7,21940960,A,G,0.3515,-0.0467,-0.0413,-0.0574,-0.0467,-0.0467,,
7_25569548_C_T,7,25569548,C,T,0.1667,-0.0486,-0.0485,-0.0682,-0.0486,-0.0486,,
7_28869017_G_A,7,28869017,G,A,0.1072,-0.0572,-0.0504,-0.0487,-0.0572,-0.0572,,
7_55192256_A_C,7,55192256,A,C,0.5497,-0.0349,-0.0269,-0.0536,-0.0349,-0.0349,,
7_91459189_A_ATT,7,91459189,A,ATT,0.3286,0.0452,0.0439,0.0486,0.0452,0.0452,,
7_94113799_T_C,7,94113799,T,C,0.2792,0.0449,0.0489,0.0116,0.0449,0.0449,,
7_98005235_G_A,7,98005235,G,A,0.1627,-0.0467,-0.0466,-0.0267,-0.0467,-0.0467,,
7_99948655_T_G,7,99948655,T,G,0.2109,0.0420,0.0385,0.0497,0.0420,0.0420,,
8_102483100_T_C,8,102483100,T,C,0.0967,0.0593,0.0736,0.0137,0.0736,0.0137,,
8_106358620_A_T,8,106358620,A,T,0.1003,-0.0745,-0.0895,-0.01,-0.0895,-0.0100,,
8_117209548_A_G,8,117209548,A,G,0.6445,-0.0417,-0.0456,-0.0409,-0.0417,-0.0417,,
8_120862186_A_G,8,120862186,A,G,0.1318,0.0527,0.0598,0.0472,0.0527,0.0527,,
8_124563705_T_C,8,124563705,T,C,0.1458,0.0477,0.0465,0.0503,0.0477,0.0477,,
8_124571581_G_A,8,124571581,G,A,0.4173,0.0340,0.0355,0.0388,0.0340,0.0340,,
8_124739913_T_G,8,124739913,T,G,0.3985,0.0466,0.0395,0.0706,0.0466,0.0466,,
8_128213561_C_CA,8,128213561,C,CA,0.4153,-0.0430,-0.0468,-0.04,-0.0430,-0.0430,,
8_128370949_C_G,8,128370949,C,G,0.4020,0.0642,0.082,0.0076,0.0820,0.0076,,
8_128372172_A_G,8,128372172,A,G,0.5446,0.0597,0.0508,0.057,0.0597,0.0597,,
8_129199566_G_A,8,129199566,G,A,0.1717,0.0615,0.0643,0.0505,0.0615,0.0615,,
8_143669254_A_G,8,143669254,A,G,0.3390,-0.0346,-0.0518,-0.022,-0.0346,-0.0346,,
8_170692_T_C,8,170692,T,C,0.2227,0.0477,0.0348,0.104,0.0348,0.1040,,
8_17787610_CT_C,8,17787610,CT,C,0.6230,-0.0377,-0.0367,-0.0295,-0.0377,-0.0377,,
8_23447496_A_G,8,23447496,A,G,0.6487,-0.0389,-0.0361,-0.0426,-0.0389,-0.0389,,
8_23663653_C_A,8,23663653,C,A,0.4032,0.0335,0.0451,0.0059,0.0451,0.0059,,
8_29509616_A_C,8,29509616,A,C,0.6756,-0.0601,-0.0655,-0.0512,-0.0601,-0.0601,,
8_36858483_A_G,8,36858483,A,G,0.1820,-0.0760,-0.0713,-0.1013,-0.0760,-0.0760,,
8_76230943_A_G,8,76230943,A,G,0.8282,0.0755,0.0817,0.0617,0.0755,0.0755,,
8_76333056_C_T,8,76333056,C,T,0.0878,0.1129,0.1216,0.0879,0.1129,0.1129,,
8_76378165_G_T,8,76378165,G,T,0.3595,-0.0391,-0.0418,-0.026,-0.0391,-0.0391,,
9_110303808_TAA_T,9,110303808,TAA,T,0.2065,0.0797,0.1007,0.013,0.1007,0.0130,,
9_110837073_A_G,9,110837073,A,G,0.0630,0.1158,0.1315,0.0289,0.1315,0.0289,,
9_110837176_C_T,9,110837176,C,T,0.1750,0.0653,0.0809,-0.0037,0.0809,-0.0037,,
9_110849525_G_T,9,110849525,G,T,0.5977,0.0153,0.0111,0.0336,0.0153,0.0153,,
9_110885479_C_T,9,110885479,C,T,0.6222,0.0877,0.111,0.0019,0.1110,0.0019,,
9_119313486_A_G,9,119313486,A,G,0.4087,-0.0462,-0.0477,-0.0403,-0.0462,-0.0462,,
9_129424719_A_G,9,129424719,A,G,0.4577,-0.0382,-0.0437,-0.0287,-0.0382,-0.0382,,
9_136146597_C_T,9,136146597,C,T,0.2727,0.0400,0.04,0.0253,0.0400,0.0400,,
9_21964882_CAAAA_C,9,21964882,CAAAA,C,0.3184,0.0550,0.0467,0.0576,0.0550,0.0550,,
9_22041998_C_G,9,22041998,C,G,0.1393,0.0289,0.0168,0.0906,0.0168,0.0906,,
9_36928288_T_C,9,36928288,T,C,0.5349,0.0249,0.0259,0.0631,0.0249,0.0249,,
9_6880263_A_G,9,6880263,A,G,0.2855,0.0348,0.0499,-0.0078,0.0499,-0.0078,,
9_87782211_T_C,9,87782211,T,C,0.5094,0.0361,0.0432,0.0218,0.0361,0.0361,,
9_98362587_T_C,9,98362587,T,C,0.0940,0.0576,0.0625,0.0828,0.0576,0.0576,,
10_114777670_C_T,10,114777670,C,T,0.4631,0.0472,0.0422,0.0559,0.0472,0.0472,,
10_115128491_T_C,10,115128491,T,C,0.7846,-0.0592,-0.0602,-0.0592,-0.0592,-0.0592,,
10_123095209_G_A,10,123095209,G,A,0.3269,-0.0538,-0.0702,0.0048,-0.0702,0.0048,,
10_123340107_A_G,10,123340107,A,G,0.0656,0.1508,0.1837,0.0053,0.1837,0.0053,,
10_123340431_GC_G,10,123340431,GC,G,0.5963,-0.2408,-0.2913,-0.0326,-0.2913,-0.0326,,
10_123349324_A_T,10,123349324,A,T,0.0484,-0.2609,-0.327,-0.0137,-0.3270,-0.0137,,
10_13892298_G_A,10,13892298,G,A,0.4376,0.0371,0.0362,0.0382,0.0371,0.0371,,
10_22032942_A_G,10,22032942,A,G,0.7085,-0.0580,-0.0719,0.0344,-0.0719,0.0344,,
10_22477776_ACC_A,10,22477776,ACC,A,0.0202,0.1687,0.1668,0.1849,0.1687,0.1687,,
10_22861490_A_C,10,22861490,A,C,0.9370,0.0875,0.096,0.0201,0.0960,0.0201,,
10_38523626_C_A,10,38523626,C,A,0.3698,0.0404,0.0381,0.0418,0.0404,0.0404,,
10_5794652_A_G,10,5794652,A,G,0.2137,0.0470,0.0504,0.0385,0.0470,0.0470,,
10_64299890_A_G,10,64299890,A,G,0.1603,-0.1345,-0.1428,-0.103,-0.1428,-0.1030,,
10_64819996_G_T,10,64819996,G,T,0.1958,0.0472,0.0442,0.0403,0.0472,0.0472,,
10_71335574_C_T,10,71335574,C,T,0.3179,-0.0404,-0.0411,-0.054,-0.0404,-0.0404,,
10_80851257_G_T,10,80851257,G,T,0.6172,-0.0805,-0.0898,-0.0443,-0.0898,-0.0443,,
10_80886726_A_G,10,80886726,A,G,0.1631,0.0762,0.078,0.0444,0.0762,0.0762,,
10_95292187_CAA_C,10,95292187,CAA,C,0.8234,-0.0512,-0.049,-0.0419,-0.0512,-0.0512,,
11_103614438_T_G,11,103614438,T,G,0.6572,0.0147,0.0029,0.0676,0.0029,0.0676,,
11_108267402_C_CA,11,108267402,C,CA,0.4173,-0.0022,0.0141,-0.0629,0.0141,-0.0629,,
11_111696440_T_C,11,111696440,T,C,0.6221,-0.0396,-0.0435,-0.0122,-0.0396,-0.0396,,
11_116727936_A_T,11,116727936,A,T,0.2046,-0.0423,-0.0372,-0.062,-0.0423,-0.0423,,
11_122966626_A_G,11,122966626,A,G,0.2922,-0.0383,-0.0372,-0.0484,-0.0383,-0.0383,,
11_129243417_T_G,11,129243417,T,G,0.8620,-0.0543,-0.0477,-0.0605,-0.0543,-0.0543,,
11_129461016_A_G,11,129461016,A,G,0.6016,0.0453,0.0401,0.0594,0.0453,0.0453,,
11_18664241_T_G,11,18664241,T,G,0.7293,0.0461,0.0455,0.0633,0.0461,0.0461,,
11_1895708_C_A,11,1895708,C,A,0.3924,-0.0762,-0.0788,-0.0538,-0.0762,-0.0762,,
11_42844441_C_T,11,42844441,C,T,0.3279,-0.0336,-0.0334,-0.0669,-0.0336,-0.0336,,
11_433617_T_C,11,433617,T,C,0.7969,-0.0437,-0.0494,-0.0322,-0.0437,-0.0437,,
11_44368892_G_A,11,44368892,G,A,0.5495,0.0374,0.0357,0.021,0.0374,0.0374,,
11_46318032_C_G,11,46318032,C,G,0.0659,-0.0748,-0.0693,-0.0688,-0.0748,-0.0748,,
11_65553492_C_A,11,65553492,C,A,0.1867,0.0425,0.0444,0.0305,0.0425,0.0425,,
11_65572431_G_A,11,65572431,G,A,0.4886,-0.0347,-0.0448,-0.0067,-0.0448,-0.0067,,
11_69328130_A_T,11,69328130,A,T,0.2130,-0.0423,-0.0538,0.0143,-0.0538,0.0143,,
11_69330983_G_A,11,69330983,G,A,0.1250,0.1022,0.124,0.0174,0.1240,0.0174,,
11_69331418_C_T,11,69331418,C,T,0.0753,0.1782,0.2018,0.0066,0.2018,0.0066,,
11_803017_A_G,11,803017,A,G,0.5167,0.0457,0.04,0.0559,0.0457,0.0457,,
12_103097887_C_T,12,103097887,C,T,0.1175,0.0546,0.0611,0.0149,0.0611,0.0149,,
12_111600134_G_T,12,111600134,G,T,0.3715,-0.0442,-0.0441,-0.0537,-0.0442,-0.0442,,
12_115108136_T_C,12,115108136,T,C,0.2615,0.0465,0.0533,0.0188,0.0465,0.0465,,
12_115796577_A_G,12,115796577,A,G,0.1959,-0.0428,-0.0643,-0.0148,-0.0643,-0.0148,,
12_115835836_T_C,12,115835836,T,C,0.4171,-0.0813,-0.0977,-0.0153,-0.0977,-0.0153,,
12_120832146_C_T,12,120832146,C,T,0.1593,0.0516,0.0534,0.0529,0.0516,0.0516,,
12_14413931_G_C,12,14413931,G,C,0.2619,0.0484,0.0411,0.054,0.0484,0.0484,,
12_28149568_C_T,12,28149568,C,T,0.1170,-0.0620,-0.0501,-0.0683,-0.0620,-0.0620,,
12_28174817_C_T,12,28174817,C,T,0.2421,-0.0856,-0.083,-0.101,-0.0856,-0.0856,,
12_28347382_C_T,12,28347382,C,T,0.2153,-0.0521,-0.0454,-0.0469,-0.0521,-0.0521,,
12_29140260_G_A,12,29140260,G,A,0.9126,0.0647,0.069,0.0753,0.0647,0.0647,,
12_293626_A_G,12,293626,A,G,0.3711,0.0401,0.0371,0.039,0.0401,0.0401,,
12_57146069_T_G,12,57146069,T,G,0.1037,-0.0579,-0.0585,-0.0632,-0.0579,-0.0579,,
12_70798355_A_T,12,70798355,A,T,0.1810,0.0469,0.0471,0.015,0.0469,0.0469,,
12_83064195_G_GA,12,83064195,G,GA,0.0992,0.0671,0.0645,0.0717,0.0671,0.0671,,
12_85004551_C_T,12,85004551,C,T,0.4955,0.0348,0.0355,0.0358,0.0348,0.0348,,
12_96027759_A_G,12,96027759,A,G,0.2963,-0.0867,-0.0842,-0.063,-0.0867,-0.0867,,
13_32839990_G_A,13,32839990,G,A,0.0174,0.0424,0.0386,0.0759,0.0424,0.0424,,
13_32972626_A_T,13,32972626,A,T,0.0079,0.2687,0.2308,0.4284,0.2308,0.4284,,
13_43501356_A_G,13,43501356,A,G,0.8303,0.0517,0.0458,0.0975,0.0458,0.0975,,
13_73806982_T_C,13,73806982,T,C,0.3153,0.0345,0.0251,0.0653,0.0251,0.0653,,
13_73960952_A_G,13,73960952,A,G,0.7618,0.0399,0.0368,0.073,0.0368,0.0730,,
14_105213978_T_G,14,105213978,T,G,0.4588,0.0399,0.035,0.0403,0.0399,0.0399,,
14_37128564_C_A,14,37128564,C,A,0.2122,-0.0733,-0.085,-0.0339,-0.0850,-0.0339,,
14_37228504_C_T,14,37228504,C,T,0.4434,0.0390,0.0408,0.0256,0.0390,0.0390,,
14_68660428_T_C,14,68660428,T,C,0.8345,-0.0474,-0.0612,0.0245,-0.0612,0.0245,,
14_68979835_T_C,14,68979835,T,C,0.2581,-0.0911,-0.0972,-0.0762,-0.0911,-0.0911,,
14_91751788_TC_T,14,91751788,TC,T,0.6934,0.0380,0.0447,0.0091,0.0447,0.0091,,
14_91841069_A_G,14,91841069,A,G,0.3444,0.0513,0.0553,0.0312,0.0513,0.0513,,
14_93070286_C_T,14,93070286,C,T,0.1709,-0.0577,-0.0519,-0.0592,-0.0577,-0.0577,,
15_100905819_A_C,15,100905819,A,C,0.1100,-0.0608,-0.0599,-0.0746,-0.0608,-0.0608,,
15_46680811_C_A,15,46680811,C,A,0.0115,-0.1973,-0.1823,-0.2337,-0.1973,-0.1973,,
15_50694306_A_G,15,50694306,A,G,0.3446,-0.0417,-0.0403,-0.0392,-0.0417,-0.0417,,
15_66630569_G_A,15,66630569,G,A,0.6413,-0.0369,-0.0377,-0.0343,-0.0369,-0.0369,,
15_67457698_A_G,15,67457698,A,G,0.0496,0.0782,0.099,0.0141,0.0990,0.0141,,
15_75750383_T_C,15,75750383,T,C,0.2604,-0.0413,-0.0419,-0.0419,-0.0413,-0.0413,,
15_91512267_G_T,15,91512267,G,T,0.1353,-0.0589,-0.0557,-0.0487,-0.0589,-0.0589,,
16_10706580_G_A,16,10706580,G,A,0.0695,-0.0740,-0.0763,-0.0491,-0.0740,-0.0740,,
16_23007047_G_T,16,23007047,G,T,0.0236,0.1218,0.1363,0.0927,0.1218,0.1218,,
16_4008542_CAAAAA_C,16,4008542,CAAAAA,C,0.8213,-0.0329,-0.0184,-0.0892,-0.0184,-0.0892,,
16_4106788_C_A,16,4106788,C,A,0.2643,-0.0300,-0.0182,-0.0782,-0.0182,-0.0782,,
16_52538825_C_A,16,52538825,C,A,0.2562,0.1147,0.1153,0.0917,0.1147,0.1147,,
16_52599188_C_T,16,52599188,C,T,0.2406,0.1070,0.1202,0.0431,0.1070,0.1070,,
16_53809123_C_T,16,53809123,C,T,0.4201,-0.0704,-0.0651,-0.0957,-0.0651,-0.0957,,
16_53861139_C_T,16,53861139,C,T,0.7604,-0.0338,-0.0167,-0.0782,-0.0167,-0.0782,,
16_53861592_G_A,16,53861592,G,A,0.3663,-0.0337,-0.0342,-0.0303,-0.0337,-0.0337,,
16_54682064_G_A,16,54682064,G,A,0.4850,0.0477,0.0554,0.0304,0.0477,0.0477,,
16_6963972_C_G,16,6963972,C,G,0.7835,0.0354,0.0303,0.0811,0.0303,0.0811,,
16_80648296_A_G,16,80648296,A,G,0.2303,0.0839,0.089,0.0467,0.0890,0.0467,,
16_85145977_T_C,16,85145977,T,C,0.4856,-0.0211,-0.0044,-0.0714,-0.0044,-0.0714,,
16_87086492_T_C,16,87086492,T,C,0.2586,-0.0469,-0.0454,-0.0374,-0.0469,-0.0469,,
17_29168077_G_T,17,29168077,G,T,0.2613,-0.0568,-0.0637,-0.0604,-0.0568,-0.0568,,
17_39251123_T_C,17,39251123,T,C,0.0682,0.0799,0.0631,0.1431,0.0631,0.1431,,
17_40127060_T_C,17,40127060,T,C,0.0570,0.0174,-0.0161,0.1511,-0.0161,0.1511,,
17_40485239_G_T,17,40485239,G,T,0.0874,-0.0571,-0.0416,-0.1142,-0.0416,-0.1142,,
17_40744470_G_A,17,40744470,G,A,0.0124,0.2017,0.1917,0.1108,0.2017,0.2017,,
17_43212339_C_CT,17,43212339,C,CT,0.2284,0.0438,0.0352,0.0478,0.0438,0.0438,,
17_44283858_G_A,17,44283858,G,A,0.1895,-0.0540,-0.0532,-0.0384,-0.0540,-0.0540,,
17_53209774_A_C,17,53209774,A,C,0.3023,-0.0793,-0.0933,-0.0365,-0.0933,-0.0365,,
17_77781725_A_G,17,77781725,A,G,0.5038,-0.0401,-0.0378,-0.0501,-0.0401,-0.0401,,
18_11696613_C_T,18,11696613,C,T,0.1379,-0.0381,-0.0281,-0.094,-0.0281,-0.0940,,
18_20634253_C_T,18,20634253,C,T,0.6403,-0.0415,-0.0486,-0.0284,-0.0415,-0.0415,,
18_24125857_T_C,18,24125857,T,C,0.4214,0.0346,0.035,0.0231,0.0346,0.0346,,
18_24337424_C_G,18,24337424,C,G,0.6205,0.0455,0.0483,0.0282,0.0455,0.0455,,
18_24518050_AT_A,18,24518050,AT,A,0.2773,-0.0599,-0.083,0.006,-0.0830,0.0060,,
18_25407513_C_G,18,25407513,C,G,0.7126,0.0399,0.0307,0.0648,0.0307,0.0648,,
18_29981526_G_A,18,29981526,G,A,0.0474,-0.1058,-0.0962,-0.152,-0.1058,-0.1058,,
18_42411803_G_C,18,42411803,G,C,0.0717,-0.0877,-0.1037,-0.0189,-0.1037,-0.0189,,
18_42888797_T_C,18,42888797,T,C,0.3519,-0.0542,-0.0589,-0.0372,-0.0542,-0.0542,,
19_13249921_G_T,19,13249921,G,T,0.0513,0.0956,0.0924,0.069,0.0956,0.0956,,
19_17393925_C_A,19,17393925,C,A,0.2958,0.0378,0.0036,0.1692,0.0036,0.1692,,
19_18569492_C_T,19,18569492,C,T,0.3481,-0.0719,-0.0778,-0.0629,-0.0719,-0.0719,,
19_19517054_C_CGGGCG,19,19517054,C,CGGGCG,0.3537,0.0437,0.0442,0.0577,0.0437,0.0437,,
19_44283031_T_C,19,44283031,T,C,0.3519,0.0619,0.0605,0.067,0.0619,0.0619,,
19_46166073_T_C,19,46166073,T,C,0.6074,-0.0360,-0.0447,-0.0117,-0.0447,-0.0117,,
19_55816678_C_T,19,55816678,C,T,0.3626,-0.0359,-0.0381,-0.0346,-0.0359,-0.0359,,
20_11379842_T_C,20,11379842,T,C,0.9483,0.0844,0.0998,0.0752,0.0844,0.0844,,
20_41613706_C_G,20,41613706,C,G,0.7928,0.0315,0.0266,0.0784,0.0266,0.0784,,
20_52296849_G_A,20,52296849,G,A,0.2400,0.0440,0.0539,0.0144,0.0539,0.0144,,
20_5948227_G_A,20,5948227,G,A,0.0628,0.0760,0.0762,0.0694,0.0760,0.0760,,
21_16364756_T_G,21,16364756,T,G,0.1732,0.0646,0.0742,0.0322,0.0646,0.0646,,
21_16566350_A_G,21,16566350,A,G,0.0873,0.0595,0.0678,0.0172,0.0678,0.0172,,
21_16574455_C_A,21,16574455,C,A,0.3167,-0.0707,-0.0808,-0.0329,-0.0808,-0.0329,,
21_47762932_G_A,21,47762932,G,A,0.0355,0.0946,0.0852,0.089,0.0946,0.0946,,
22_19766137_C_T,22,19766137,C,T,0.3798,-0.0367,-0.0426,-0.022,-0.0367,-0.0367,,
22_29121087_A_G,22,29121087,A,G,0.0054,0.1839,0.2812,-0.1566,0.2812,-0.1566,,
22_29135543_G_A,22,29135543,G,A,0.0870,0.0654,0.0659,0.0536,0.0654,0.0654,,
22_29203724_C_T,22,29203724,C,T,0.0209,0.1405,0.1793,0.0191,0.1793,0.0191,,
22_29551872_A_G,22,29551872,A,G,0.9846,-0.1716,-0.1671,-0.1318,-0.1716,-0.1716,,
22_38583315_AAAAG_AAAAGAAAG,22,38583315,AAAAG,AAAAGAAAG,0.2805,-0.0471,-0.0608,0.0079,-0.0608,0.0079,,
22_39343916_T_A,22,39343916,T,A,0.2541,0.0407,0.0326,0.033,0.0407,0.0407,,
22_40904707_CT_C,22,40904707,CT,C,0.1099,0.1148,0.116,0.1203,0.1148,0.1148,,
22_43433100_C_T,22,43433100,C,T,0.1144,-0.0600,-0.0585,-0.0515,-0.0600,-0.0600,,
22_45319953_G_A,22,45319953,G,A,0.4166,-0.0134,-0.006,-0.0611,-0.0060,-0.0611,,
22_46283297_G_A,22,46283297,G,A,0.1117,0.0736,0.0719,0.0993,0.0736,0.0736,,