SNP,IQS Score
chr8_106358620_A_T_PRS313_Known_maternal,0.7987466859484211
chr8_106358620_A_T_PRS313_Known_paternal,0.8641834743005858
chr8_143669254_A_G_PRS313_Unknown_maternal,0.843751025901973
chr8_143669254_A_G_PRS313_Unknown_paternal,0.861171331236043
chr8_76333056_C_T_PRS313_Known_maternal,1.0
chr8_76333056_C_T_PRS313_Known_paternal,0.9562407197135122
chr8_124571581_G_A_PRS313_Unknown_maternal,0.8912923739422162
chr8_124571581_G_A_PRS313_Unknown_paternal,0.8688610411281614
chr8_170692_T_C_PRS313_Known_maternal,0.8099924148668609
chr8_170692_T_C_PRS313_Known_paternal,0.769148601947848
chr8_76230943_A_G_PRS313_Unknown_maternal,1.0
chr8_76230943_A_G_PRS313_Unknown_paternal,1.0
chr8_117209548_A_G_PRS313_Known_maternal,0.9746162030703754
chr8_117209548_A_G_PRS313_Known_paternal,0.9554832862398038
chr8_128213561_C_CA_PRS313_Unknown_maternal,0.23852145827616045
chr8_128213561_C_CA_PRS313_Unknown_paternal,0.32129489327968047
chr8_124739913_T_G_PRS313_Unknown_maternal,0.9955914574588843
chr8_124739913_T_G_PRS313_Unknown_paternal,0.9814471930084432
chr8_29509616_A_C_PRS313_Known_maternal,1.0
chr8_29509616_A_C_PRS313_Known_paternal,0.9954885593105869
chr8_128372172_A_G_PRS313_Known_maternal,0.986249485384932
chr8_128372172_A_G_PRS313_Known_paternal,0.980969022430723
chr8_23447496_A_G_PRS313_Unknown_maternal,0.9367344361661827
chr8_23447496_A_G_PRS313_Unknown_paternal,0.9254083716181727
chr8_102483100_T_C_PRS313_Unknown_maternal,0.4580561414895344
chr8_102483100_T_C_PRS313_Unknown_paternal,0.4311761170106187
chr8_120862186_A_G_PRS313_Unknown_maternal,0.9480344362617986
chr8_120862186_A_G_PRS313_Unknown_paternal,0.9760642109789308
chr8_124563705_T_C_PRS313_Unknown_maternal,0.7003039810530683
chr8_124563705_T_C_PRS313_Unknown_paternal,0.6735174695473458
chr8_76378165_G_T_PRS313_Known_maternal,0.9065944309794589
chr8_76378165_G_T_PRS313_Known_paternal,0.9338861152044341
chr8_128370949_C_G_PRS313_Unknown_maternal,0.9799867377184082
chr8_128370949_C_G_PRS313_Unknown_paternal,0.9637105536373952
chr8_36858483_A_G_PRS313_Known_maternal,0.9951957653692355
chr8_36858483_A_G_PRS313_Known_paternal,0.9770054801310825
chr8_17787610_CT_C_PRS313_Unknown_maternal,0.7452263779527558
chr8_17787610_CT_C_PRS313_Unknown_paternal,0.7884273682700812
chr8_23663653_C_A_PRS313_Unknown_maternal,0.9017502573907926
chr8_23663653_C_A_PRS313_Unknown_paternal,0.9304729018196066
chr8_129199566_G_A_PRS313_Unknown_maternal,0.9831929954040726
chr8_129199566_G_A_PRS313_Unknown_paternal,0.9713926797236336
